[0.000000] (-) TimerEvent: {}
[0.000261] (memsort_ros2) JobQueued: {'identifier': 'memsort_ros2', 'dependencies': OrderedDict()}
[0.000288] (perception_interface) JobQueued: {'identifier': 'perception_interface', 'dependencies': OrderedDict()}
[0.000302] (object_depth_tracker) JobQueued: {'identifier': 'object_depth_tracker', 'dependencies': OrderedDict([('perception_interface', '/home/jay/SCV_Perception/install/perception_interface')])}
[0.000317] (ultralytics_ros2) JobQueued: {'identifier': 'ultralytics_ros2', 'dependencies': OrderedDict([('perception_interface', '/home/jay/SCV_Perception/install/perception_interface')])}
[0.000718] (perception_interface) JobStarted: {'identifier': 'perception_interface'}
[0.004494] (memsort_ros2) JobStarted: {'identifier': 'memsort_ros2'}
[0.006792] (perception_interface) JobProgress: {'identifier': 'perception_interface', 'progress': 'cmake'}
[0.007091] (perception_interface) Command: {'cmd': ['/usr/bin/cmake', '/home/jay/SCV_Perception/perception_interface', '-DAMENT_CMAKE_SYMLINK_INSTALL=1', '-DCMAKE_INSTALL_PREFIX=/home/jay/SCV_Perception/install/perception_interface'], 'cwd': '/home/jay/SCV_Perception/build/perception_interface', 'env': OrderedDict([('GJS_DEBUG_TOPICS', 'JS ERROR;JS LOG'), ('LESSOPEN', '| /usr/bin/lesspipe %s'), ('LANGUAGE', 'ko:en'), ('USER', 'jay'), ('LC_TIME', 'ko_KR.UTF-8'), ('XDG_SESSION_TYPE', 'x11'), ('SHLVL', '1'), ('LD_LIBRARY_PATH', '/home/jay/SCV_Perception/install/perception_interface/lib:/usr/local/TensorRT-10.10.0.31/lib:/opt/ros/humble/opt/rviz_ogre_vendor/lib:/opt/ros/humble/lib/x86_64-linux-gnu:/opt/ros/humble/lib'), ('HOME', '/home/jay'), ('CONDA_SHLVL', '0'), ('OLDPWD', '/home/jay'), ('DESKTOP_SESSION', 'ubuntu'), ('GIO_LAUNCHED_DESKTOP_FILE', '/usr/share/applications/terminator.desktop'), ('ROS_PYTHON_VERSION', '3'), ('GNOME_SHELL_SESSION_MODE', 'ubuntu'), ('GTK_MODULES', 'gail:atk-bridge'), ('LC_MONETARY', 'ko_KR.UTF-8'), ('MANAGERPID', '2714'), ('SYSTEMD_EXEC_PID', '2969'), ('DBUS_SESSION_BUS_ADDRESS', 'unix:path=/run/user/1000/bus'), ('COLORTERM', 'truecolor'), ('TERMINATOR_DBUS_NAME', 'net.tenshu.Terminator23558193cd9818af7fe4d2c2f5bd9d00f'), ('GIO_LAUNCHED_DESKTOP_FILE_PID', '164561'), ('TORCH_CUDA_ARCH_LIST', '7.5'), ('COLCON_PREFIX_PATH', '/home/jay/SCV_Perception/install'), ('ROS_DISTRO', 'humble'), ('GTK_IM_MODULE', 'ibus'), ('LOGNAME', 'jay'), ('JOURNAL_STREAM', '8:6140'), ('_', '/usr/bin/colcon'), ('ROS_VERSION', '2'), ('XDG_SESSION_CLASS', 'user'), ('USERNAME', 'jay'), ('TERM', 'xterm-256color'), ('GNOME_DESKTOP_SESSION_ID', 'this-is-deprecated'), ('ROS_LOCALHOST_ONLY', '1'), ('WINDOWPATH', '2'), ('PATH', '/home/jay/.npm-global/bin:/home/jay/.local/bin:/home/jay/anaconda3/condabin:/opt/ros/humble/bin:/home/jay/.local/bin:/usr/local/sbin:/usr/local/bin:/usr/sbin:/usr/bin:/sbin:/bin:/usr/games:/usr/local/games:/snap/bin:/snap/bin'), ('SESSION_MANAGER', 'local/D02-521-39:@/tmp/.ICE-unix/2941,unix/D02-521-39:/tmp/.ICE-unix/2941'), ('INVOCATION_ID', 'f1c23af3e0ed4c03911ec09fc30a15a3'), ('PAPERSIZE', 'a4'), ('XDG_MENU_PREFIX', 'gnome-'), ('LC_ADDRESS', 'ko_KR.UTF-8'), ('XDG_RUNTIME_DIR', '/run/user/1000'), ('DISPLAY', ':1'), ('TERMINATOR_DBUS_PATH', '/net/tenshu/Terminator2'), ('LANG', 'ko_KR.UTF-8'), ('XDG_CURRENT_DESKTOP', 'ubuntu:GNOME'), ('IBUS_DISABLE_SNOOPER', '1'), ('LC_TELEPHONE', 'ko_KR.UTF-8'), ('XMODIFIERS', '@im=ibus'), ('XDG_SESSION_DESKTOP', 'ubuntu'), ('XAUTHORITY', '/run/user/1000/gdm/Xauthority'), ('LS_COLORS', 'rs=0:di=01;34:ln=01;36:mh=00:pi=40;33:so=01;35:do=01;35:bd=40;33;01:cd=40;33;01:or=40;31;01:mi=00:su=37;41:sg=30;43:ca=30;41:tw=30;42:ow=34;42:st=37;44:ex=01;32:*.tar=01;31:*.tgz=01;31:*.arc=01;31:*.arj=01;31:*.taz=01;31:*.lha=01;31:*.lz4=01;31:*.lzh=01;31:*.lzma=01;31:*.tlz=01;31:*.txz=01;31:*.tzo=01;31:*.t7z=01;31:*.zip=01;31:*.z=01;31:*.dz=01;31:*.gz=01;31:*.lrz=01;31:*.lz=01;31:*.lzo=01;31:*.xz=01;31:*.zst=01;31:*.tzst=01;31:*.bz2=01;31:*.bz=01;31:*.tbz=01;31:*.tbz2=01;31:*.tz=01;31:*.deb=01;31:*.rpm=01;31:*.jar=01;31:*.war=01;31:*.ear=01;31:*.sar=01;31:*.rar=01;31:*.alz=01;31:*.ace=01;31:*.zoo=01;31:*.cpio=01;31:*.7z=01;31:*.rz=01;31:*.cab=01;31:*.wim=01;31:*.swm=01;31:*.dwm=01;31:*.esd=01;31:*.jpg=01;35:*.jpeg=01;35:*.mjpg=01;35:*.mjpeg=01;35:*.gif=01;35:*.bmp=01;35:*.pbm=01;35:*.pgm=01;35:*.ppm=01;35:*.tga=01;35:*.xbm=01;35:*.xpm=01;35:*.tif=01;35:*.tiff=01;35:*.png=01;35:*.svg=01;35:*.svgz=01;35:*.mng=01;35:*.pcx=01;35:*.mov=01;35:*.mpg=01;35:*.mpeg=01;35:*.m2v=01;35:*.mkv=01;35:*.webm=01;35:*.webp=01;35:*.ogm=01;35:*.mp4=01;35:*.m4v=01;35:*.mp4v=01;35:*.vob=01;35:*.qt=01;35:*.nuv=01;35:*.wmv=01;35:*.asf=01;35:*.rm=01;35:*.rmvb=01;35:*.flc=01;35:*.avi=01;35:*.fli=01;35:*.flv=01;35:*.gl=01;35:*.dl=01;35:*.xcf=01;35:*.xwd=01;35:*.yuv=01;35:*.cgm=01;35:*.emf=01;35:*.ogv=01;35:*.ogx=01;35:*.aac=00;36:*.au=00;36:*.flac=00;36:*.m4a=00;36:*.mid=00;36:*.midi=00;36:*.mka=00;36:*.mp3=00;36:*.mpc=00;36:*.ogg=00;36:*.ra=00;36:*.wav=00;36:*.oga=00;36:*.opus=00;36:*.spx=00;36:*.xspf=00;36:'), ('SSH_AGENT_LAUNCHER', 'gnome-keyring'), ('SSH_AUTH_SOCK', '/run/user/1000/keyring/ssh'), ('ROS_DOMAIN_ID', '39'), ('AMENT_PREFIX_PATH', '/home/jay/SCV_Perception/install/ultralytics_ros2:/home/jay/SCV_Perception/install/object_depth_tracker:/home/jay/SCV_Perception/install/perception_interface:/home/jay/SCV_Perception/install/memsort_ros2:/opt/ros/humble'), ('CONDA_PYTHON_EXE', '/home/jay/anaconda3/bin/python'), ('SHELL', '/bin/bash'), ('LC_NAME', 'ko_KR.UTF-8'), ('TERMINATOR_UUID', 'urn:uuid:b7c6f5e0-a10e-4029-910a-5edd79897f0d'), ('QT_ACCESSIBILITY', '1'), ('GDMSESSION', 'ubuntu'), ('TensorRT_ROOT', '/usr/local/TensorRT-10.10.0.31'), ('LESSCLOSE', '/usr/bin/lesspipe %s %s'), ('LC_MEASUREMENT', 'ko_KR.UTF-8'), ('GPG_AGENT_INFO', '/run/user/1000/gnupg/S.gpg-agent:0:1'), ('GJS_DEBUG_OUTPUT', 'stderr'), ('LC_IDENTIFICATION', 'ko_KR.UTF-8'), ('QT_IM_MODULE', 'ibus'), ('PWD', '/home/jay/SCV_Perception/build/perception_interface'), ('XDG_CONFIG_DIRS', '/etc/xdg/xdg-ubuntu:/etc/xdg'), ('CONDA_EXE', '/home/jay/anaconda3/bin/conda'), ('XDG_DATA_DIRS', '/usr/share/ubuntu:/usr/share/gnome:/usr/local/share/:/usr/share/:/var/lib/snapd/desktop'), ('PYTHONPATH', '/home/jay/SCV_Perception/build/ultralytics_ros2:/home/jay/SCV_Perception/install/ultralytics_ros2/lib/python3.10/site-packages:/home/jay/SCV_Perception/build/object_depth_tracker:/home/jay/SCV_Perception/install/object_depth_tracker/lib/python3.10/site-packages:/home/jay/SCV_Perception/install/perception_interface/lib/python3.13/site-packages:/home/jay/SCV_Perception/install/memsort_ros2/lib/python3.13/site-packages:/opt/ros/humble/lib/python3.10/site-packages:/opt/ros/humble/local/lib/python3.10/dist-packages::/home/jay/AB3DMOT:/home/jay/Xinshuo_PyToolbox:/home/jay/AB3DMOT:/home/jay/Xinshuo_PyToolbox'), ('LC_NUMERIC', 'ko_KR.UTF-8'), ('LC_PAPER', 'ko_KR.UTF-8'), ('COLCON', '1'), ('VTE_VERSION', '6800'), ('CMAKE_PREFIX_PATH', '/home/jay/SCV_Perception/install/perception_interface:/home/jay/SCV_Perception/install/memsort_ros2:/home/jay/SCV_Perception/install/ultralytics_ros2:/home/jay/SCV_Perception/install/object_depth_tracker:/opt/ros/humble')]), 'shell': False}
[0.009064] (memsort_ros2) JobProgress: {'identifier': 'memsort_ros2', 'progress': 'cmake'}
[0.009371] (memsort_ros2) Command: {'cmd': ['/usr/bin/cmake', '/home/jay/SCV_Perception/memsort_ros2', '-DAMENT_CMAKE_SYMLINK_INSTALL=1', '-DCMAKE_INSTALL_PREFIX=/home/jay/SCV_Perception/install/memsort_ros2'], 'cwd': '/home/jay/SCV_Perception/build/memsort_ros2', 'env': OrderedDict([('GJS_DEBUG_TOPICS', 'JS ERROR;JS LOG'), ('LESSOPEN', '| /usr/bin/lesspipe %s'), ('LANGUAGE', 'ko:en'), ('USER', 'jay'), ('LC_TIME', 'ko_KR.UTF-8'), ('XDG_SESSION_TYPE', 'x11'), ('SHLVL', '1'), ('LD_LIBRARY_PATH', '/home/jay/SCV_Perception/install/perception_interface/lib:/usr/local/TensorRT-10.10.0.31/lib:/opt/ros/humble/opt/rviz_ogre_vendor/lib:/opt/ros/humble/lib/x86_64-linux-gnu:/opt/ros/humble/lib'), ('HOME', '/home/jay'), ('CONDA_SHLVL', '0'), ('OLDPWD', '/home/jay'), ('DESKTOP_SESSION', 'ubuntu'), ('GIO_LAUNCHED_DESKTOP_FILE', '/usr/share/applications/terminator.desktop'), ('ROS_PYTHON_VERSION', '3'), ('GNOME_SHELL_SESSION_MODE', 'ubuntu'), ('GTK_MODULES', 'gail:atk-bridge'), ('LC_MONETARY', 'ko_KR.UTF-8'), ('MANAGERPID', '2714'), ('SYSTEMD_EXEC_PID', '2969'), ('DBUS_SESSION_BUS_ADDRESS', 'unix:path=/run/user/1000/bus'), ('COLORTERM', 'truecolor'), ('TERMINATOR_DBUS_NAME', 'net.tenshu.Terminator23558193cd9818af7fe4d2c2f5bd9d00f'), ('GIO_LAUNCHED_DESKTOP_FILE_PID', '164561'), ('TORCH_CUDA_ARCH_LIST', '7.5'), ('COLCON_PREFIX_PATH', '/home/jay/SCV_Perception/install'), ('ROS_DISTRO', 'humble'), ('GTK_IM_MODULE', 'ibus'), ('LOGNAME', 'jay'), ('JOURNAL_STREAM', '8:6140'), ('_', '/usr/bin/colcon'), ('ROS_VERSION', '2'), ('XDG_SESSION_CLASS', 'user'), ('USERNAME', 'jay'), ('TERM', 'xterm-256color'), ('GNOME_DESKTOP_SESSION_ID', 'this-is-deprecated'), ('ROS_LOCALHOST_ONLY', '1'), ('WINDOWPATH', '2'), ('PATH', '/home/jay/.npm-global/bin:/home/jay/.local/bin:/home/jay/anaconda3/condabin:/opt/ros/humble/bin:/home/jay/.local/bin:/usr/local/sbin:/usr/local/bin:/usr/sbin:/usr/bin:/sbin:/bin:/usr/games:/usr/local/games:/snap/bin:/snap/bin'), ('SESSION_MANAGER', 'local/D02-521-39:@/tmp/.ICE-unix/2941,unix/D02-521-39:/tmp/.ICE-unix/2941'), ('INVOCATION_ID', 'f1c23af3e0ed4c03911ec09fc30a15a3'), ('PAPERSIZE', 'a4'), ('XDG_MENU_PREFIX', 'gnome-'), ('LC_ADDRESS', 'ko_KR.UTF-8'), ('XDG_RUNTIME_DIR', '/run/user/1000'), ('DISPLAY', ':1'), ('TERMINATOR_DBUS_PATH', '/net/tenshu/Terminator2'), ('LANG', 'ko_KR.UTF-8'), ('XDG_CURRENT_DESKTOP', 'ubuntu:GNOME'), ('IBUS_DISABLE_SNOOPER', '1'), ('LC_TELEPHONE', 'ko_KR.UTF-8'), ('XMODIFIERS', '@im=ibus'), ('XDG_SESSION_DESKTOP', 'ubuntu'), ('XAUTHORITY', '/run/user/1000/gdm/Xauthority'), ('LS_COLORS', 'rs=0:di=01;34:ln=01;36:mh=00:pi=40;33:so=01;35:do=01;35:bd=40;33;01:cd=40;33;01:or=40;31;01:mi=00:su=37;41:sg=30;43:ca=30;41:tw=30;42:ow=34;42:st=37;44:ex=01;32:*.tar=01;31:*.tgz=01;31:*.arc=01;31:*.arj=01;31:*.taz=01;31:*.lha=01;31:*.lz4=01;31:*.lzh=01;31:*.lzma=01;31:*.tlz=01;31:*.txz=01;31:*.tzo=01;31:*.t7z=01;31:*.zip=01;31:*.z=01;31:*.dz=01;31:*.gz=01;31:*.lrz=01;31:*.lz=01;31:*.lzo=01;31:*.xz=01;31:*.zst=01;31:*.tzst=01;31:*.bz2=01;31:*.bz=01;31:*.tbz=01;31:*.tbz2=01;31:*.tz=01;31:*.deb=01;31:*.rpm=01;31:*.jar=01;31:*.war=01;31:*.ear=01;31:*.sar=01;31:*.rar=01;31:*.alz=01;31:*.ace=01;31:*.zoo=01;31:*.cpio=01;31:*.7z=01;31:*.rz=01;31:*.cab=01;31:*.wim=01;31:*.swm=01;31:*.dwm=01;31:*.esd=01;31:*.jpg=01;35:*.jpeg=01;35:*.mjpg=01;35:*.mjpeg=01;35:*.gif=01;35:*.bmp=01;35:*.pbm=01;35:*.pgm=01;35:*.ppm=01;35:*.tga=01;35:*.xbm=01;35:*.xpm=01;35:*.tif=01;35:*.tiff=01;35:*.png=01;35:*.svg=01;35:*.svgz=01;35:*.mng=01;35:*.pcx=01;35:*.mov=01;35:*.mpg=01;35:*.mpeg=01;35:*.m2v=01;35:*.mkv=01;35:*.webm=01;35:*.webp=01;35:*.ogm=01;35:*.mp4=01;35:*.m4v=01;35:*.mp4v=01;35:*.vob=01;35:*.qt=01;35:*.nuv=01;35:*.wmv=01;35:*.asf=01;35:*.rm=01;35:*.rmvb=01;35:*.flc=01;35:*.avi=01;35:*.fli=01;35:*.flv=01;35:*.gl=01;35:*.dl=01;35:*.xcf=01;35:*.xwd=01;35:*.yuv=01;35:*.cgm=01;35:*.emf=01;35:*.ogv=01;35:*.ogx=01;35:*.aac=00;36:*.au=00;36:*.flac=00;36:*.m4a=00;36:*.mid=00;36:*.midi=00;36:*.mka=00;36:*.mp3=00;36:*.mpc=00;36:*.ogg=00;36:*.ra=00;36:*.wav=00;36:*.oga=00;36:*.opus=00;36:*.spx=00;36:*.xspf=00;36:'), ('SSH_AGENT_LAUNCHER', 'gnome-keyring'), ('SSH_AUTH_SOCK', '/run/user/1000/keyring/ssh'), ('ROS_DOMAIN_ID', '39'), ('AMENT_PREFIX_PATH', '/home/jay/SCV_Perception/install/ultralytics_ros2:/home/jay/SCV_Perception/install/object_depth_tracker:/home/jay/SCV_Perception/install/perception_interface:/home/jay/SCV_Perception/install/memsort_ros2:/opt/ros/humble'), ('CONDA_PYTHON_EXE', '/home/jay/anaconda3/bin/python'), ('SHELL', '/bin/bash'), ('LC_NAME', 'ko_KR.UTF-8'), ('TERMINATOR_UUID', 'urn:uuid:b7c6f5e0-a10e-4029-910a-5edd79897f0d'), ('QT_ACCESSIBILITY', '1'), ('GDMSESSION', 'ubuntu'), ('TensorRT_ROOT', '/usr/local/TensorRT-10.10.0.31'), ('LESSCLOSE', '/usr/bin/lesspipe %s %s'), ('LC_MEASUREMENT', 'ko_KR.UTF-8'), ('GPG_AGENT_INFO', '/run/user/1000/gnupg/S.gpg-agent:0:1'), ('GJS_DEBUG_OUTPUT', 'stderr'), ('LC_IDENTIFICATION', 'ko_KR.UTF-8'), ('QT_IM_MODULE', 'ibus'), ('PWD', '/home/jay/SCV_Perception/build/memsort_ros2'), ('XDG_CONFIG_DIRS', '/etc/xdg/xdg-ubuntu:/etc/xdg'), ('CONDA_EXE', '/home/jay/anaconda3/bin/conda'), ('XDG_DATA_DIRS', '/usr/share/ubuntu:/usr/share/gnome:/usr/local/share/:/usr/share/:/var/lib/snapd/desktop'), ('PYTHONPATH', '/home/jay/SCV_Perception/build/ultralytics_ros2:/home/jay/SCV_Perception/install/ultralytics_ros2/lib/python3.10/site-packages:/home/jay/SCV_Perception/build/object_depth_tracker:/home/jay/SCV_Perception/install/object_depth_tracker/lib/python3.10/site-packages:/home/jay/SCV_Perception/install/perception_interface/lib/python3.13/site-packages:/home/jay/SCV_Perception/install/memsort_ros2/lib/python3.13/site-packages:/opt/ros/humble/lib/python3.10/site-packages:/opt/ros/humble/local/lib/python3.10/dist-packages::/home/jay/AB3DMOT:/home/jay/Xinshuo_PyToolbox:/home/jay/AB3DMOT:/home/jay/Xinshuo_PyToolbox'), ('LC_NUMERIC', 'ko_KR.UTF-8'), ('LC_PAPER', 'ko_KR.UTF-8'), ('COLCON', '1'), ('VTE_VERSION', '6800'), ('CMAKE_PREFIX_PATH', '/home/jay/SCV_Perception/install/perception_interface:/home/jay/SCV_Perception/install/memsort_ros2:/home/jay/SCV_Perception/install/ultralytics_ros2:/home/jay/SCV_Perception/install/object_depth_tracker:/opt/ros/humble')]), 'shell': False}
[0.040372] (memsort_ros2) StdoutLine: {'line': b'-- The C compiler identification is GNU 11.4.0\n'}
[0.041083] (perception_interface) StdoutLine: {'line': b'-- The C compiler identification is GNU 11.4.0\n'}
[0.073837] (perception_interface) StdoutLine: {'line': b'-- The CXX compiler identification is GNU 11.4.0\n'}
[0.073994] (memsort_ros2) StdoutLine: {'line': b'-- The CXX compiler identification is GNU 11.4.0\n'}
[0.078309] (memsort_ros2) StdoutLine: {'line': b'-- Detecting C compiler ABI info\n'}
[0.078382] (perception_interface) StdoutLine: {'line': b'-- Detecting C compiler ABI info\n'}
[0.100030] (-) TimerEvent: {}
[0.118267] (memsort_ros2) StdoutLine: {'line': b'-- Detecting C compiler ABI info - done\n'}
[0.118443] (perception_interface) StdoutLine: {'line': b'-- Detecting C compiler ABI info - done\n'}
[0.123486] (perception_interface) StdoutLine: {'line': b'-- Check for working C compiler: /usr/bin/cc - skipped\n'}
[0.123562] (memsort_ros2) StdoutLine: {'line': b'-- Check for working C compiler: /usr/bin/cc - skipped\n'}
[0.123634] (perception_interface) StdoutLine: {'line': b'-- Detecting C compile features\n'}
[0.123705] (memsort_ros2) StdoutLine: {'line': b'-- Detecting C compile features\n'}
[0.123832] (perception_interface) StdoutLine: {'line': b'-- Detecting C compile features - done\n'}
[0.123894] (memsort_ros2) StdoutLine: {'line': b'-- Detecting C compile features - done\n'}
[0.125820] (memsort_ros2) StdoutLine: {'line': b'-- Detecting CXX compiler ABI info\n'}
[0.125970] (perception_interface) StdoutLine: {'line': b'-- Detecting CXX compiler ABI info\n'}
[0.172798] (perception_interface) StdoutLine: {'line': b'-- Detecting CXX compiler ABI info - done\n'}
[0.172942] (memsort_ros2) StdoutLine: {'line': b'-- Detecting CXX compiler ABI info - done\n'}
[0.178141] (perception_interface) StdoutLine: {'line': b'-- Check for working CXX compiler: /usr/bin/c++ - skipped\n'}
[0.178262] (memsort_ros2) StdoutLine: {'line': b'-- Check for working CXX compiler: /usr/bin/c++ - skipped\n'}
[0.178336] (perception_interface) StdoutLine: {'line': b'-- Detecting CXX compile features\n'}
[0.178452] (memsort_ros2) StdoutLine: {'line': b'-- Detecting CXX compile features\n'}
[0.178631] (perception_interface) StdoutLine: {'line': b'-- Detecting CXX compile features - done\n'}
[0.178721] (memsort_ros2) StdoutLine: {'line': b'-- Detecting CXX compile features - done\n'}
[0.179813] (perception_interface) StdoutLine: {'line': b'-- Found ament_cmake: 1.3.12 (/opt/ros/humble/share/ament_cmake/cmake)\n'}
[0.179911] (memsort_ros2) StdoutLine: {'line': b'-- Found ament_cmake: 1.3.12 (/opt/ros/humble/share/ament_cmake/cmake)\n'}
[0.200092] (-) TimerEvent: {}
[0.300280] (-) TimerEvent: {}
[0.400543] (-) TimerEvent: {}
[0.433614] (memsort_ros2) StdoutLine: {'line': b'-- Found Python3: /usr/bin/python3 (found version "3.10.12") found components: Interpreter \n'}
[0.434963] (perception_interface) StdoutLine: {'line': b'-- Found Python3: /usr/bin/python3 (found version "3.10.12") found components: Interpreter \n'}
[0.477292] (memsort_ros2) StdoutLine: {'line': b'-- Override CMake install command with custom implementation using symlinks instead of copying resources\n'}
[0.478511] (perception_interface) StdoutLine: {'line': b'-- Override CMake install command with custom implementation using symlinks instead of copying resources\n'}
[0.493289] (perception_interface) StdoutLine: {'line': b'-- Found std_msgs: 4.9.0 (/opt/ros/humble/share/std_msgs/cmake)\n'}
[0.500649] (-) TimerEvent: {}
[0.514886] (perception_interface) StdoutLine: {'line': b'-- Found rosidl_generator_c: 3.1.7 (/opt/ros/humble/share/rosidl_generator_c/cmake)\n'}
[0.517902] (perception_interface) StdoutLine: {'line': b'-- Found rosidl_adapter: 3.1.7 (/opt/ros/humble/share/rosidl_adapter/cmake)\n'}
[0.523068] (perception_interface) StdoutLine: {'line': b'-- Found rosidl_generator_cpp: 3.1.7 (/opt/ros/humble/share/rosidl_generator_cpp/cmake)\n'}
[0.531012] (perception_interface) StdoutLine: {'line': b'-- Using all available rosidl_typesupport_c: rosidl_typesupport_fastrtps_c;rosidl_typesupport_introspection_c\n'}
[0.541373] (perception_interface) StdoutLine: {'line': b'-- Using all available rosidl_typesupport_cpp: rosidl_typesupport_fastrtps_cpp;rosidl_typesupport_introspection_cpp\n'}
[0.559175] (perception_interface) StdoutLine: {'line': b'-- Found geometry_msgs: 4.9.0 (/opt/ros/humble/share/geometry_msgs/cmake)\n'}
[0.568753] (perception_interface) StdoutLine: {'line': b'-- Found sensor_msgs: 4.9.0 (/opt/ros/humble/share/sensor_msgs/cmake)\n'}
[0.581284] (perception_interface) StdoutLine: {'line': b'-- Found rosidl_default_generators: 1.2.0 (/opt/ros/humble/share/rosidl_default_generators/cmake)\n'}
[0.600760] (-) TimerEvent: {}
[0.610285] (memsort_ros2) StdoutLine: {'line': b'-- Configuring done\n'}
[0.612702] (memsort_ros2) StdoutLine: {'line': b'-- Generating done\n'}
[0.613984] (memsort_ros2) StdoutLine: {'line': b'-- Build files have been written to: /home/jay/SCV_Perception/build/memsort_ros2\n'}
[0.616734] (memsort_ros2) CommandEnded: {'returncode': 0}
[0.617100] (memsort_ros2) JobProgress: {'identifier': 'memsort_ros2', 'progress': 'build'}
[0.617612] (memsort_ros2) Command: {'cmd': ['/usr/bin/cmake', '--build', '/home/jay/SCV_Perception/build/memsort_ros2', '--', '-j20', '-l20'], 'cwd': '/home/jay/SCV_Perception/build/memsort_ros2', 'env': OrderedDict([('GJS_DEBUG_TOPICS', 'JS ERROR;JS LOG'), ('LESSOPEN', '| /usr/bin/lesspipe %s'), ('LANGUAGE', 'ko:en'), ('USER', 'jay'), ('LC_TIME', 'ko_KR.UTF-8'), ('XDG_SESSION_TYPE', 'x11'), ('SHLVL', '1'), ('LD_LIBRARY_PATH', '/home/jay/SCV_Perception/install/perception_interface/lib:/usr/local/TensorRT-10.10.0.31/lib:/opt/ros/humble/opt/rviz_ogre_vendor/lib:/opt/ros/humble/lib/x86_64-linux-gnu:/opt/ros/humble/lib'), ('HOME', '/home/jay'), ('CONDA_SHLVL', '0'), ('OLDPWD', '/home/jay'), ('DESKTOP_SESSION', 'ubuntu'), ('GIO_LAUNCHED_DESKTOP_FILE', '/usr/share/applications/terminator.desktop'), ('ROS_PYTHON_VERSION', '3'), ('GNOME_SHELL_SESSION_MODE', 'ubuntu'), ('GTK_MODULES', 'gail:atk-bridge'), ('LC_MONETARY', 'ko_KR.UTF-8'), ('MANAGERPID', '2714'), ('SYSTEMD_EXEC_PID', '2969'), ('DBUS_SESSION_BUS_ADDRESS', 'unix:path=/run/user/1000/bus'), ('COLORTERM', 'truecolor'), ('TERMINATOR_DBUS_NAME', 'net.tenshu.Terminator23558193cd9818af7fe4d2c2f5bd9d00f'), ('GIO_LAUNCHED_DESKTOP_FILE_PID', '164561'), ('TORCH_CUDA_ARCH_LIST', '7.5'), ('COLCON_PREFIX_PATH', '/home/jay/SCV_Perception/install'), ('ROS_DISTRO', 'humble'), ('GTK_IM_MODULE', 'ibus'), ('LOGNAME', 'jay'), ('JOURNAL_STREAM', '8:6140'), ('_', '/usr/bin/colcon'), ('ROS_VERSION', '2'), ('XDG_SESSION_CLASS', 'user'), ('USERNAME', 'jay'), ('TERM', 'xterm-256color'), ('GNOME_DESKTOP_SESSION_ID', 'this-is-deprecated'), ('ROS_LOCALHOST_ONLY', '1'), ('WINDOWPATH', '2'), ('PATH', '/home/jay/.npm-global/bin:/home/jay/.local/bin:/home/jay/anaconda3/condabin:/opt/ros/humble/bin:/home/jay/.local/bin:/usr/local/sbin:/usr/local/bin:/usr/sbin:/usr/bin:/sbin:/bin:/usr/games:/usr/local/games:/snap/bin:/snap/bin'), ('SESSION_MANAGER', 'local/D02-521-39:@/tmp/.ICE-unix/2941,unix/D02-521-39:/tmp/.ICE-unix/2941'), ('INVOCATION_ID', 'f1c23af3e0ed4c03911ec09fc30a15a3'), ('PAPERSIZE', 'a4'), ('XDG_MENU_PREFIX', 'gnome-'), ('LC_ADDRESS', 'ko_KR.UTF-8'), ('XDG_RUNTIME_DIR', '/run/user/1000'), ('DISPLAY', ':1'), ('TERMINATOR_DBUS_PATH', '/net/tenshu/Terminator2'), ('LANG', 'ko_KR.UTF-8'), ('XDG_CURRENT_DESKTOP', 'ubuntu:GNOME'), ('IBUS_DISABLE_SNOOPER', '1'), ('LC_TELEPHONE', 'ko_KR.UTF-8'), ('XMODIFIERS', '@im=ibus'), ('XDG_SESSION_DESKTOP', 'ubuntu'), ('XAUTHORITY', '/run/user/1000/gdm/Xauthority'), ('LS_COLORS', 'rs=0:di=01;34:ln=01;36:mh=00:pi=40;33:so=01;35:do=01;35:bd=40;33;01:cd=40;33;01:or=40;31;01:mi=00:su=37;41:sg=30;43:ca=30;41:tw=30;42:ow=34;42:st=37;44:ex=01;32:*.tar=01;31:*.tgz=01;31:*.arc=01;31:*.arj=01;31:*.taz=01;31:*.lha=01;31:*.lz4=01;31:*.lzh=01;31:*.lzma=01;31:*.tlz=01;31:*.txz=01;31:*.tzo=01;31:*.t7z=01;31:*.zip=01;31:*.z=01;31:*.dz=01;31:*.gz=01;31:*.lrz=01;31:*.lz=01;31:*.lzo=01;31:*.xz=01;31:*.zst=01;31:*.tzst=01;31:*.bz2=01;31:*.bz=01;31:*.tbz=01;31:*.tbz2=01;31:*.tz=01;31:*.deb=01;31:*.rpm=01;31:*.jar=01;31:*.war=01;31:*.ear=01;31:*.sar=01;31:*.rar=01;31:*.alz=01;31:*.ace=01;31:*.zoo=01;31:*.cpio=01;31:*.7z=01;31:*.rz=01;31:*.cab=01;31:*.wim=01;31:*.swm=01;31:*.dwm=01;31:*.esd=01;31:*.jpg=01;35:*.jpeg=01;35:*.mjpg=01;35:*.mjpeg=01;35:*.gif=01;35:*.bmp=01;35:*.pbm=01;35:*.pgm=01;35:*.ppm=01;35:*.tga=01;35:*.xbm=01;35:*.xpm=01;35:*.tif=01;35:*.tiff=01;35:*.png=01;35:*.svg=01;35:*.svgz=01;35:*.mng=01;35:*.pcx=01;35:*.mov=01;35:*.mpg=01;35:*.mpeg=01;35:*.m2v=01;35:*.mkv=01;35:*.webm=01;35:*.webp=01;35:*.ogm=01;35:*.mp4=01;35:*.m4v=01;35:*.mp4v=01;35:*.vob=01;35:*.qt=01;35:*.nuv=01;35:*.wmv=01;35:*.asf=01;35:*.rm=01;35:*.rmvb=01;35:*.flc=01;35:*.avi=01;35:*.fli=01;35:*.flv=01;35:*.gl=01;35:*.dl=01;35:*.xcf=01;35:*.xwd=01;35:*.yuv=01;35:*.cgm=01;35:*.emf=01;35:*.ogv=01;35:*.ogx=01;35:*.aac=00;36:*.au=00;36:*.flac=00;36:*.m4a=00;36:*.mid=00;36:*.midi=00;36:*.mka=00;36:*.mp3=00;36:*.mpc=00;36:*.ogg=00;36:*.ra=00;36:*.wav=00;36:*.oga=00;36:*.opus=00;36:*.spx=00;36:*.xspf=00;36:'), ('SSH_AGENT_LAUNCHER', 'gnome-keyring'), ('SSH_AUTH_SOCK', '/run/user/1000/keyring/ssh'), ('ROS_DOMAIN_ID', '39'), ('AMENT_PREFIX_PATH', '/home/jay/SCV_Perception/install/ultralytics_ros2:/home/jay/SCV_Perception/install/object_depth_tracker:/home/jay/SCV_Perception/install/perception_interface:/home/jay/SCV_Perception/install/memsort_ros2:/opt/ros/humble'), ('CONDA_PYTHON_EXE', '/home/jay/anaconda3/bin/python'), ('SHELL', '/bin/bash'), ('LC_NAME', 'ko_KR.UTF-8'), ('TERMINATOR_UUID', 'urn:uuid:b7c6f5e0-a10e-4029-910a-5edd79897f0d'), ('QT_ACCESSIBILITY', '1'), ('GDMSESSION', 'ubuntu'), ('TensorRT_ROOT', '/usr/local/TensorRT-10.10.0.31'), ('LESSCLOSE', '/usr/bin/lesspipe %s %s'), ('LC_MEASUREMENT', 'ko_KR.UTF-8'), ('GPG_AGENT_INFO', '/run/user/1000/gnupg/S.gpg-agent:0:1'), ('GJS_DEBUG_OUTPUT', 'stderr'), ('LC_IDENTIFICATION', 'ko_KR.UTF-8'), ('QT_IM_MODULE', 'ibus'), ('PWD', '/home/jay/SCV_Perception/build/memsort_ros2'), ('XDG_CONFIG_DIRS', '/etc/xdg/xdg-ubuntu:/etc/xdg'), ('CONDA_EXE', '/home/jay/anaconda3/bin/conda'), ('XDG_DATA_DIRS', '/usr/share/ubuntu:/usr/share/gnome:/usr/local/share/:/usr/share/:/var/lib/snapd/desktop'), ('PYTHONPATH', '/home/jay/SCV_Perception/build/ultralytics_ros2:/home/jay/SCV_Perception/install/ultralytics_ros2/lib/python3.10/site-packages:/home/jay/SCV_Perception/build/object_depth_tracker:/home/jay/SCV_Perception/install/object_depth_tracker/lib/python3.10/site-packages:/home/jay/SCV_Perception/install/perception_interface/lib/python3.13/site-packages:/home/jay/SCV_Perception/install/memsort_ros2/lib/python3.13/site-packages:/opt/ros/humble/lib/python3.10/site-packages:/opt/ros/humble/local/lib/python3.10/dist-packages::/home/jay/AB3DMOT:/home/jay/Xinshuo_PyToolbox:/home/jay/AB3DMOT:/home/jay/Xinshuo_PyToolbox'), ('LC_NUMERIC', 'ko_KR.UTF-8'), ('LC_PAPER', 'ko_KR.UTF-8'), ('COLCON', '1'), ('VTE_VERSION', '6800'), ('CMAKE_PREFIX_PATH', '/home/jay/SCV_Perception/install/perception_interface:/home/jay/SCV_Perception/install/memsort_ros2:/home/jay/SCV_Perception/install/ultralytics_ros2:/home/jay/SCV_Perception/install/object_depth_tracker:/opt/ros/humble')]), 'shell': False}
[0.648802] (memsort_ros2) StdoutLine: {'line': b'Built target ament_cmake_python_symlink_memsort_ros2_setup\n'}
[0.648929] (memsort_ros2) StdoutLine: {'line': b'Built target ament_cmake_python_symlink_memsort_ros2\n'}
[0.700868] (-) TimerEvent: {}
[0.801059] (-) TimerEvent: {}
[0.804643] (perception_interface) StdoutLine: {'line': b'-- Found ament_cmake_ros: 0.10.0 (/opt/ros/humble/share/ament_cmake_ros/cmake)\n'}
[0.825442] (memsort_ros2) StdoutLine: {'line': b'running egg_info\n'}
[0.842354] (memsort_ros2) StdoutLine: {'line': b'creating memsort_ros2.egg-info\n'}
[0.842551] (memsort_ros2) StdoutLine: {'line': b'writing memsort_ros2.egg-info/PKG-INFO\n'}
[0.842685] (memsort_ros2) StdoutLine: {'line': b'writing dependency_links to memsort_ros2.egg-info/dependency_links.txt\n'}
[0.842787] (memsort_ros2) StdoutLine: {'line': b'writing top-level names to memsort_ros2.egg-info/top_level.txt\n'}
[0.842911] (memsort_ros2) StdoutLine: {'line': b"writing manifest file 'memsort_ros2.egg-info/SOURCES.txt'\n"}
[0.893054] (memsort_ros2) StdoutLine: {'line': b"reading manifest file 'memsort_ros2.egg-info/SOURCES.txt'\n"}
[0.893671] (memsort_ros2) StdoutLine: {'line': b"writing manifest file 'memsort_ros2.egg-info/SOURCES.txt'\n"}
[0.901130] (-) TimerEvent: {}
[0.910739] (memsort_ros2) StdoutLine: {'line': b'Built target ament_cmake_python_build_memsort_ros2_egg\n'}
[0.917089] (memsort_ros2) CommandEnded: {'returncode': 0}
[0.917562] (memsort_ros2) JobProgress: {'identifier': 'memsort_ros2', 'progress': 'install'}
[0.922659] (memsort_ros2) Command: {'cmd': ['/usr/bin/cmake', '--install', '/home/jay/SCV_Perception/build/memsort_ros2'], 'cwd': '/home/jay/SCV_Perception/build/memsort_ros2', 'env': OrderedDict([('GJS_DEBUG_TOPICS', 'JS ERROR;JS LOG'), ('LESSOPEN', '| /usr/bin/lesspipe %s'), ('LANGUAGE', 'ko:en'), ('USER', 'jay'), ('LC_TIME', 'ko_KR.UTF-8'), ('XDG_SESSION_TYPE', 'x11'), ('SHLVL', '1'), ('LD_LIBRARY_PATH', '/home/jay/SCV_Perception/install/perception_interface/lib:/usr/local/TensorRT-10.10.0.31/lib:/opt/ros/humble/opt/rviz_ogre_vendor/lib:/opt/ros/humble/lib/x86_64-linux-gnu:/opt/ros/humble/lib'), ('HOME', '/home/jay'), ('CONDA_SHLVL', '0'), ('OLDPWD', '/home/jay'), ('DESKTOP_SESSION', 'ubuntu'), ('GIO_LAUNCHED_DESKTOP_FILE', '/usr/share/applications/terminator.desktop'), ('ROS_PYTHON_VERSION', '3'), ('GNOME_SHELL_SESSION_MODE', 'ubuntu'), ('GTK_MODULES', 'gail:atk-bridge'), ('LC_MONETARY', 'ko_KR.UTF-8'), ('MANAGERPID', '2714'), ('SYSTEMD_EXEC_PID', '2969'), ('DBUS_SESSION_BUS_ADDRESS', 'unix:path=/run/user/1000/bus'), ('COLORTERM', 'truecolor'), ('TERMINATOR_DBUS_NAME', 'net.tenshu.Terminator23558193cd9818af7fe4d2c2f5bd9d00f'), ('GIO_LAUNCHED_DESKTOP_FILE_PID', '164561'), ('TORCH_CUDA_ARCH_LIST', '7.5'), ('COLCON_PREFIX_PATH', '/home/jay/SCV_Perception/install'), ('ROS_DISTRO', 'humble'), ('GTK_IM_MODULE', 'ibus'), ('LOGNAME', 'jay'), ('JOURNAL_STREAM', '8:6140'), ('_', '/usr/bin/colcon'), ('ROS_VERSION', '2'), ('XDG_SESSION_CLASS', 'user'), ('USERNAME', 'jay'), ('TERM', 'xterm-256color'), ('GNOME_DESKTOP_SESSION_ID', 'this-is-deprecated'), ('ROS_LOCALHOST_ONLY', '1'), ('WINDOWPATH', '2'), ('PATH', '/home/jay/.npm-global/bin:/home/jay/.local/bin:/home/jay/anaconda3/condabin:/opt/ros/humble/bin:/home/jay/.local/bin:/usr/local/sbin:/usr/local/bin:/usr/sbin:/usr/bin:/sbin:/bin:/usr/games:/usr/local/games:/snap/bin:/snap/bin'), ('SESSION_MANAGER', 'local/D02-521-39:@/tmp/.ICE-unix/2941,unix/D02-521-39:/tmp/.ICE-unix/2941'), ('INVOCATION_ID', 'f1c23af3e0ed4c03911ec09fc30a15a3'), ('PAPERSIZE', 'a4'), ('XDG_MENU_PREFIX', 'gnome-'), ('LC_ADDRESS', 'ko_KR.UTF-8'), ('XDG_RUNTIME_DIR', '/run/user/1000'), ('DISPLAY', ':1'), ('TERMINATOR_DBUS_PATH', '/net/tenshu/Terminator2'), ('LANG', 'ko_KR.UTF-8'), ('XDG_CURRENT_DESKTOP', 'ubuntu:GNOME'), ('IBUS_DISABLE_SNOOPER', '1'), ('LC_TELEPHONE', 'ko_KR.UTF-8'), ('XMODIFIERS', '@im=ibus'), ('XDG_SESSION_DESKTOP', 'ubuntu'), ('XAUTHORITY', '/run/user/1000/gdm/Xauthority'), ('LS_COLORS', 'rs=0:di=01;34:ln=01;36:mh=00:pi=40;33:so=01;35:do=01;35:bd=40;33;01:cd=40;33;01:or=40;31;01:mi=00:su=37;41:sg=30;43:ca=30;41:tw=30;42:ow=34;42:st=37;44:ex=01;32:*.tar=01;31:*.tgz=01;31:*.arc=01;31:*.arj=01;31:*.taz=01;31:*.lha=01;31:*.lz4=01;31:*.lzh=01;31:*.lzma=01;31:*.tlz=01;31:*.txz=01;31:*.tzo=01;31:*.t7z=01;31:*.zip=01;31:*.z=01;31:*.dz=01;31:*.gz=01;31:*.lrz=01;31:*.lz=01;31:*.lzo=01;31:*.xz=01;31:*.zst=01;31:*.tzst=01;31:*.bz2=01;31:*.bz=01;31:*.tbz=01;31:*.tbz2=01;31:*.tz=01;31:*.deb=01;31:*.rpm=01;31:*.jar=01;31:*.war=01;31:*.ear=01;31:*.sar=01;31:*.rar=01;31:*.alz=01;31:*.ace=01;31:*.zoo=01;31:*.cpio=01;31:*.7z=01;31:*.rz=01;31:*.cab=01;31:*.wim=01;31:*.swm=01;31:*.dwm=01;31:*.esd=01;31:*.jpg=01;35:*.jpeg=01;35:*.mjpg=01;35:*.mjpeg=01;35:*.gif=01;35:*.bmp=01;35:*.pbm=01;35:*.pgm=01;35:*.ppm=01;35:*.tga=01;35:*.xbm=01;35:*.xpm=01;35:*.tif=01;35:*.tiff=01;35:*.png=01;35:*.svg=01;35:*.svgz=01;35:*.mng=01;35:*.pcx=01;35:*.mov=01;35:*.mpg=01;35:*.mpeg=01;35:*.m2v=01;35:*.mkv=01;35:*.webm=01;35:*.webp=01;35:*.ogm=01;35:*.mp4=01;35:*.m4v=01;35:*.mp4v=01;35:*.vob=01;35:*.qt=01;35:*.nuv=01;35:*.wmv=01;35:*.asf=01;35:*.rm=01;35:*.rmvb=01;35:*.flc=01;35:*.avi=01;35:*.fli=01;35:*.flv=01;35:*.gl=01;35:*.dl=01;35:*.xcf=01;35:*.xwd=01;35:*.yuv=01;35:*.cgm=01;35:*.emf=01;35:*.ogv=01;35:*.ogx=01;35:*.aac=00;36:*.au=00;36:*.flac=00;36:*.m4a=00;36:*.mid=00;36:*.midi=00;36:*.mka=00;36:*.mp3=00;36:*.mpc=00;36:*.ogg=00;36:*.ra=00;36:*.wav=00;36:*.oga=00;36:*.opus=00;36:*.spx=00;36:*.xspf=00;36:'), ('SSH_AGENT_LAUNCHER', 'gnome-keyring'), ('SSH_AUTH_SOCK', '/run/user/1000/keyring/ssh'), ('ROS_DOMAIN_ID', '39'), ('AMENT_PREFIX_PATH', '/home/jay/SCV_Perception/install/ultralytics_ros2:/home/jay/SCV_Perception/install/object_depth_tracker:/home/jay/SCV_Perception/install/perception_interface:/home/jay/SCV_Perception/install/memsort_ros2:/opt/ros/humble'), ('CONDA_PYTHON_EXE', '/home/jay/anaconda3/bin/python'), ('SHELL', '/bin/bash'), ('LC_NAME', 'ko_KR.UTF-8'), ('TERMINATOR_UUID', 'urn:uuid:b7c6f5e0-a10e-4029-910a-5edd79897f0d'), ('QT_ACCESSIBILITY', '1'), ('GDMSESSION', 'ubuntu'), ('TensorRT_ROOT', '/usr/local/TensorRT-10.10.0.31'), ('LESSCLOSE', '/usr/bin/lesspipe %s %s'), ('LC_MEASUREMENT', 'ko_KR.UTF-8'), ('GPG_AGENT_INFO', '/run/user/1000/gnupg/S.gpg-agent:0:1'), ('GJS_DEBUG_OUTPUT', 'stderr'), ('LC_IDENTIFICATION', 'ko_KR.UTF-8'), ('QT_IM_MODULE', 'ibus'), ('PWD', '/home/jay/SCV_Perception/build/memsort_ros2'), ('XDG_CONFIG_DIRS', '/etc/xdg/xdg-ubuntu:/etc/xdg'), ('CONDA_EXE', '/home/jay/anaconda3/bin/conda'), ('XDG_DATA_DIRS', '/usr/share/ubuntu:/usr/share/gnome:/usr/local/share/:/usr/share/:/var/lib/snapd/desktop'), ('PYTHONPATH', '/home/jay/SCV_Perception/build/ultralytics_ros2:/home/jay/SCV_Perception/install/ultralytics_ros2/lib/python3.10/site-packages:/home/jay/SCV_Perception/build/object_depth_tracker:/home/jay/SCV_Perception/install/object_depth_tracker/lib/python3.10/site-packages:/home/jay/SCV_Perception/install/perception_interface/lib/python3.13/site-packages:/home/jay/SCV_Perception/install/memsort_ros2/lib/python3.13/site-packages:/opt/ros/humble/lib/python3.10/site-packages:/opt/ros/humble/local/lib/python3.10/dist-packages::/home/jay/AB3DMOT:/home/jay/Xinshuo_PyToolbox:/home/jay/AB3DMOT:/home/jay/Xinshuo_PyToolbox'), ('LC_NUMERIC', 'ko_KR.UTF-8'), ('LC_PAPER', 'ko_KR.UTF-8'), ('COLCON', '1'), ('VTE_VERSION', '6800'), ('CMAKE_PREFIX_PATH', '/home/jay/SCV_Perception/install/perception_interface:/home/jay/SCV_Perception/install/memsort_ros2:/home/jay/SCV_Perception/install/ultralytics_ros2:/home/jay/SCV_Perception/install/object_depth_tracker:/opt/ros/humble')]), 'shell': False}
[0.927538] (memsort_ros2) StdoutLine: {'line': b'-- Install configuration: ""\n'}
[0.927839] (memsort_ros2) StdoutLine: {'line': b'-- Execute custom install script\n'}
[0.927978] (memsort_ros2) StdoutLine: {'line': b'-- Symlinking: /home/jay/SCV_Perception/install/memsort_ros2/share/memsort_ros2/environment/pythonpath.sh\n'}
[0.932859] (memsort_ros2) StdoutLine: {'line': b'-- Symlinking: /home/jay/SCV_Perception/install/memsort_ros2/share/memsort_ros2/environment/pythonpath.dsv\n'}
[0.937736] (memsort_ros2) StdoutLine: {'line': b'-- Symlinking: /home/jay/SCV_Perception/install/memsort_ros2/local/lib/python3.10/dist-packages/memsort_ros2-0.1.0-py3.10.egg-info/PKG-INFO\n'}
[0.942526] (memsort_ros2) StdoutLine: {'line': b'-- Symlinking: /home/jay/SCV_Perception/install/memsort_ros2/local/lib/python3.10/dist-packages/memsort_ros2-0.1.0-py3.10.egg-info/SOURCES.txt\n'}
[0.947177] (memsort_ros2) StdoutLine: {'line': b'-- Symlinking: /home/jay/SCV_Perception/install/memsort_ros2/local/lib/python3.10/dist-packages/memsort_ros2-0.1.0-py3.10.egg-info/dependency_links.txt\n'}
[0.951719] (memsort_ros2) StdoutLine: {'line': b'-- Symlinking: /home/jay/SCV_Perception/install/memsort_ros2/local/lib/python3.10/dist-packages/memsort_ros2-0.1.0-py3.10.egg-info/top_level.txt\n'}
[0.956609] (memsort_ros2) StdoutLine: {'line': b'-- Symlinking: /home/jay/SCV_Perception/install/memsort_ros2/local/lib/python3.10/dist-packages/memsort_ros2/__init__.py\n'}
[0.961082] (memsort_ros2) StdoutLine: {'line': b'-- Symlinking: /home/jay/SCV_Perception/install/memsort_ros2/local/lib/python3.10/dist-packages/memsort_ros2/memory_sort_node.py\n'}
[0.965457] (memsort_ros2) StdoutLine: {'line': b'-- Symlinking: /home/jay/SCV_Perception/install/memsort_ros2/local/lib/python3.10/dist-packages/memsort_ros2/your_memory_sort_impl.py\n'}
[0.970237] (memsort_ros2) StdoutLine: {'line': b'-- Symlinking: /home/jay/SCV_Perception/install/memsort_ros2/lib/memsort_ros2/memory_sort_node\n'}
[0.975009] (memsort_ros2) StdoutLine: {'line': b'-- Symlinking: /home/jay/SCV_Perception/install/memsort_ros2/share/ament_index/resource_index/package_run_dependencies/memsort_ros2\n'}
[0.979750] (memsort_ros2) StdoutLine: {'line': b'-- Symlinking: /home/jay/SCV_Perception/install/memsort_ros2/share/ament_index/resource_index/parent_prefix_path/memsort_ros2\n'}
[0.984787] (memsort_ros2) StdoutLine: {'line': b'-- Symlinking: /home/jay/SCV_Perception/install/memsort_ros2/share/memsort_ros2/environment/ament_prefix_path.sh\n'}
[0.989553] (memsort_ros2) StdoutLine: {'line': b'-- Symlinking: /home/jay/SCV_Perception/install/memsort_ros2/share/memsort_ros2/environment/ament_prefix_path.dsv\n'}
[0.994614] (memsort_ros2) StdoutLine: {'line': b'-- Symlinking: /home/jay/SCV_Perception/install/memsort_ros2/share/memsort_ros2/environment/path.sh\n'}
[0.999813] (memsort_ros2) StdoutLine: {'line': b'-- Symlinking: /home/jay/SCV_Perception/install/memsort_ros2/share/memsort_ros2/environment/path.dsv\n'}
[1.001198] (-) TimerEvent: {}
[1.004735] (memsort_ros2) StdoutLine: {'line': b'-- Symlinking: /home/jay/SCV_Perception/install/memsort_ros2/share/memsort_ros2/local_setup.bash\n'}
[1.009470] (memsort_ros2) StdoutLine: {'line': b'-- Symlinking: /home/jay/SCV_Perception/install/memsort_ros2/share/memsort_ros2/local_setup.sh\n'}
[1.014171] (memsort_ros2) StdoutLine: {'line': b'-- Symlinking: /home/jay/SCV_Perception/install/memsort_ros2/share/memsort_ros2/local_setup.zsh\n'}
[1.018744] (memsort_ros2) StdoutLine: {'line': b'-- Symlinking: /home/jay/SCV_Perception/install/memsort_ros2/share/memsort_ros2/local_setup.dsv\n'}
[1.023191] (memsort_ros2) StdoutLine: {'line': b'-- Symlinking: /home/jay/SCV_Perception/install/memsort_ros2/share/memsort_ros2/package.dsv\n'}
[1.027765] (memsort_ros2) StdoutLine: {'line': b'-- Symlinking: /home/jay/SCV_Perception/install/memsort_ros2/share/ament_index/resource_index/packages/memsort_ros2\n'}
[1.032532] (memsort_ros2) StdoutLine: {'line': b'-- Symlinking: /home/jay/SCV_Perception/install/memsort_ros2/share/memsort_ros2/cmake/memsort_ros2Config.cmake\n'}
[1.037210] (memsort_ros2) StdoutLine: {'line': b'-- Symlinking: /home/jay/SCV_Perception/install/memsort_ros2/share/memsort_ros2/cmake/memsort_ros2Config-version.cmake\n'}
[1.042370] (memsort_ros2) StdoutLine: {'line': b'-- Symlinking: /home/jay/SCV_Perception/install/memsort_ros2/share/memsort_ros2/package.xml\n'}
[1.074265] (memsort_ros2) StdoutLine: {'line': b"Listing '/home/jay/SCV_Perception/install/memsort_ros2/local/lib/python3.10/dist-packages/memsort_ros2'...\n"}
[1.074456] (memsort_ros2) StdoutLine: {'line': b"Compiling '/home/jay/SCV_Perception/install/memsort_ros2/local/lib/python3.10/dist-packages/memsort_ros2/__init__.py'...\n"}
[1.074542] (memsort_ros2) StdoutLine: {'line': b"Compiling '/home/jay/SCV_Perception/install/memsort_ros2/local/lib/python3.10/dist-packages/memsort_ros2/memory_sort_node.py'...\n"}
[1.074620] (memsort_ros2) StdoutLine: {'line': b"Compiling '/home/jay/SCV_Perception/install/memsort_ros2/local/lib/python3.10/dist-packages/memsort_ros2/your_memory_sort_impl.py'...\n"}
[1.078326] (memsort_ros2) CommandEnded: {'returncode': 0}
[1.089685] (memsort_ros2) JobEnded: {'identifier': 'memsort_ros2', 'rc': 0}
[1.101275] (-) TimerEvent: {}
[1.136196] (perception_interface) StdoutLine: {'line': b'-- Using all available rosidl_typesupport_c: rosidl_typesupport_fastrtps_c;rosidl_typesupport_introspection_c\n'}
[1.201367] (-) TimerEvent: {}
[1.267187] (perception_interface) StdoutLine: {'line': b'-- Using all available rosidl_typesupport_cpp: rosidl_typesupport_fastrtps_cpp;rosidl_typesupport_introspection_cpp\n'}
[1.283150] (perception_interface) StdoutLine: {'line': b'-- Found PythonInterp: /usr/bin/python3 (found suitable version "3.10.12", minimum required is "3.6") \n'}
[1.284086] (perception_interface) StdoutLine: {'line': b'-- Found python_cmake_module: 0.10.0 (/opt/ros/humble/share/python_cmake_module/cmake)\n'}
[1.301436] (-) TimerEvent: {}
[1.302464] (perception_interface) StdoutLine: {'line': b'-- Found PythonLibs: /usr/lib/x86_64-linux-gnu/libpython3.10.so (found suitable version "3.10.12", minimum required is "3.5") \n'}
[1.302609] (perception_interface) StdoutLine: {'line': b'-- Using PYTHON_EXECUTABLE: /usr/bin/python3\n'}
[1.302683] (perception_interface) StdoutLine: {'line': b'-- Using PYTHON_INCLUDE_DIRS: /usr/include/python3.10\n'}
[1.302748] (perception_interface) StdoutLine: {'line': b'-- Using PYTHON_LIBRARIES: /usr/lib/x86_64-linux-gnu/libpython3.10.so\n'}
[1.317640] (perception_interface) StdoutLine: {'line': b'-- Found PythonExtra: .so  \n'}
[1.371444] (perception_interface) StdoutLine: {'line': b'-- Found ament_lint_auto: 0.12.14 (/opt/ros/humble/share/ament_lint_auto/cmake)\n'}
[1.383150] (perception_interface) StdoutLine: {'line': b"-- Added test 'cppcheck' to perform static code analysis on C / C++ code\n"}
[1.383625] (perception_interface) StdoutLine: {'line': b'-- Configured cppcheck include dirs: \n'}
[1.383718] (perception_interface) StdoutLine: {'line': b'-- Configured cppcheck exclude dirs and/or files: \n'}
[1.384141] (perception_interface) StdoutLine: {'line': b"-- Added test 'lint_cmake' to check CMake code style\n"}
[1.384732] (perception_interface) StdoutLine: {'line': b"-- Added test 'uncrustify' to check C / C++ code style\n"}
[1.384825] (perception_interface) StdoutLine: {'line': b'-- Configured uncrustify additional arguments: \n'}
[1.385123] (perception_interface) StdoutLine: {'line': b"-- Added test 'xmllint' to check XML markup files\n"}
[1.387605] (perception_interface) StdoutLine: {'line': b'-- Configuring done\n'}
[1.401526] (-) TimerEvent: {}
[1.411680] (perception_interface) StdoutLine: {'line': b'-- Generating done\n'}
[1.419963] (perception_interface) StdoutLine: {'line': b'-- Build files have been written to: /home/jay/SCV_Perception/build/perception_interface\n'}
[1.425711] (perception_interface) CommandEnded: {'returncode': 0}
[1.426345] (perception_interface) JobProgress: {'identifier': 'perception_interface', 'progress': 'build'}
[1.426623] (perception_interface) Command: {'cmd': ['/usr/bin/cmake', '--build', '/home/jay/SCV_Perception/build/perception_interface', '--', '-j20', '-l20'], 'cwd': '/home/jay/SCV_Perception/build/perception_interface', 'env': OrderedDict([('GJS_DEBUG_TOPICS', 'JS ERROR;JS LOG'), ('LESSOPEN', '| /usr/bin/lesspipe %s'), ('LANGUAGE', 'ko:en'), ('USER', 'jay'), ('LC_TIME', 'ko_KR.UTF-8'), ('XDG_SESSION_TYPE', 'x11'), ('SHLVL', '1'), ('LD_LIBRARY_PATH', '/home/jay/SCV_Perception/install/perception_interface/lib:/usr/local/TensorRT-10.10.0.31/lib:/opt/ros/humble/opt/rviz_ogre_vendor/lib:/opt/ros/humble/lib/x86_64-linux-gnu:/opt/ros/humble/lib'), ('HOME', '/home/jay'), ('CONDA_SHLVL', '0'), ('OLDPWD', '/home/jay'), ('DESKTOP_SESSION', 'ubuntu'), ('GIO_LAUNCHED_DESKTOP_FILE', '/usr/share/applications/terminator.desktop'), ('ROS_PYTHON_VERSION', '3'), ('GNOME_SHELL_SESSION_MODE', 'ubuntu'), ('GTK_MODULES', 'gail:atk-bridge'), ('LC_MONETARY', 'ko_KR.UTF-8'), ('MANAGERPID', '2714'), ('SYSTEMD_EXEC_PID', '2969'), ('DBUS_SESSION_BUS_ADDRESS', 'unix:path=/run/user/1000/bus'), ('COLORTERM', 'truecolor'), ('TERMINATOR_DBUS_NAME', 'net.tenshu.Terminator23558193cd9818af7fe4d2c2f5bd9d00f'), ('GIO_LAUNCHED_DESKTOP_FILE_PID', '164561'), ('TORCH_CUDA_ARCH_LIST', '7.5'), ('COLCON_PREFIX_PATH', '/home/jay/SCV_Perception/install'), ('ROS_DISTRO', 'humble'), ('GTK_IM_MODULE', 'ibus'), ('LOGNAME', 'jay'), ('JOURNAL_STREAM', '8:6140'), ('_', '/usr/bin/colcon'), ('ROS_VERSION', '2'), ('XDG_SESSION_CLASS', 'user'), ('USERNAME', 'jay'), ('TERM', 'xterm-256color'), ('GNOME_DESKTOP_SESSION_ID', 'this-is-deprecated'), ('ROS_LOCALHOST_ONLY', '1'), ('WINDOWPATH', '2'), ('PATH', '/home/jay/.npm-global/bin:/home/jay/.local/bin:/home/jay/anaconda3/condabin:/opt/ros/humble/bin:/home/jay/.local/bin:/usr/local/sbin:/usr/local/bin:/usr/sbin:/usr/bin:/sbin:/bin:/usr/games:/usr/local/games:/snap/bin:/snap/bin'), ('SESSION_MANAGER', 'local/D02-521-39:@/tmp/.ICE-unix/2941,unix/D02-521-39:/tmp/.ICE-unix/2941'), ('INVOCATION_ID', 'f1c23af3e0ed4c03911ec09fc30a15a3'), ('PAPERSIZE', 'a4'), ('XDG_MENU_PREFIX', 'gnome-'), ('LC_ADDRESS', 'ko_KR.UTF-8'), ('XDG_RUNTIME_DIR', '/run/user/1000'), ('DISPLAY', ':1'), ('TERMINATOR_DBUS_PATH', '/net/tenshu/Terminator2'), ('LANG', 'ko_KR.UTF-8'), ('XDG_CURRENT_DESKTOP', 'ubuntu:GNOME'), ('IBUS_DISABLE_SNOOPER', '1'), ('LC_TELEPHONE', 'ko_KR.UTF-8'), ('XMODIFIERS', '@im=ibus'), ('XDG_SESSION_DESKTOP', 'ubuntu'), ('XAUTHORITY', '/run/user/1000/gdm/Xauthority'), ('LS_COLORS', 'rs=0:di=01;34:ln=01;36:mh=00:pi=40;33:so=01;35:do=01;35:bd=40;33;01:cd=40;33;01:or=40;31;01:mi=00:su=37;41:sg=30;43:ca=30;41:tw=30;42:ow=34;42:st=37;44:ex=01;32:*.tar=01;31:*.tgz=01;31:*.arc=01;31:*.arj=01;31:*.taz=01;31:*.lha=01;31:*.lz4=01;31:*.lzh=01;31:*.lzma=01;31:*.tlz=01;31:*.txz=01;31:*.tzo=01;31:*.t7z=01;31:*.zip=01;31:*.z=01;31:*.dz=01;31:*.gz=01;31:*.lrz=01;31:*.lz=01;31:*.lzo=01;31:*.xz=01;31:*.zst=01;31:*.tzst=01;31:*.bz2=01;31:*.bz=01;31:*.tbz=01;31:*.tbz2=01;31:*.tz=01;31:*.deb=01;31:*.rpm=01;31:*.jar=01;31:*.war=01;31:*.ear=01;31:*.sar=01;31:*.rar=01;31:*.alz=01;31:*.ace=01;31:*.zoo=01;31:*.cpio=01;31:*.7z=01;31:*.rz=01;31:*.cab=01;31:*.wim=01;31:*.swm=01;31:*.dwm=01;31:*.esd=01;31:*.jpg=01;35:*.jpeg=01;35:*.mjpg=01;35:*.mjpeg=01;35:*.gif=01;35:*.bmp=01;35:*.pbm=01;35:*.pgm=01;35:*.ppm=01;35:*.tga=01;35:*.xbm=01;35:*.xpm=01;35:*.tif=01;35:*.tiff=01;35:*.png=01;35:*.svg=01;35:*.svgz=01;35:*.mng=01;35:*.pcx=01;35:*.mov=01;35:*.mpg=01;35:*.mpeg=01;35:*.m2v=01;35:*.mkv=01;35:*.webm=01;35:*.webp=01;35:*.ogm=01;35:*.mp4=01;35:*.m4v=01;35:*.mp4v=01;35:*.vob=01;35:*.qt=01;35:*.nuv=01;35:*.wmv=01;35:*.asf=01;35:*.rm=01;35:*.rmvb=01;35:*.flc=01;35:*.avi=01;35:*.fli=01;35:*.flv=01;35:*.gl=01;35:*.dl=01;35:*.xcf=01;35:*.xwd=01;35:*.yuv=01;35:*.cgm=01;35:*.emf=01;35:*.ogv=01;35:*.ogx=01;35:*.aac=00;36:*.au=00;36:*.flac=00;36:*.m4a=00;36:*.mid=00;36:*.midi=00;36:*.mka=00;36:*.mp3=00;36:*.mpc=00;36:*.ogg=00;36:*.ra=00;36:*.wav=00;36:*.oga=00;36:*.opus=00;36:*.spx=00;36:*.xspf=00;36:'), ('SSH_AGENT_LAUNCHER', 'gnome-keyring'), ('SSH_AUTH_SOCK', '/run/user/1000/keyring/ssh'), ('ROS_DOMAIN_ID', '39'), ('AMENT_PREFIX_PATH', '/home/jay/SCV_Perception/install/ultralytics_ros2:/home/jay/SCV_Perception/install/object_depth_tracker:/home/jay/SCV_Perception/install/perception_interface:/home/jay/SCV_Perception/install/memsort_ros2:/opt/ros/humble'), ('CONDA_PYTHON_EXE', '/home/jay/anaconda3/bin/python'), ('SHELL', '/bin/bash'), ('LC_NAME', 'ko_KR.UTF-8'), ('TERMINATOR_UUID', 'urn:uuid:b7c6f5e0-a10e-4029-910a-5edd79897f0d'), ('QT_ACCESSIBILITY', '1'), ('GDMSESSION', 'ubuntu'), ('TensorRT_ROOT', '/usr/local/TensorRT-10.10.0.31'), ('LESSCLOSE', '/usr/bin/lesspipe %s %s'), ('LC_MEASUREMENT', 'ko_KR.UTF-8'), ('GPG_AGENT_INFO', '/run/user/1000/gnupg/S.gpg-agent:0:1'), ('GJS_DEBUG_OUTPUT', 'stderr'), ('LC_IDENTIFICATION', 'ko_KR.UTF-8'), ('QT_IM_MODULE', 'ibus'), ('PWD', '/home/jay/SCV_Perception/build/perception_interface'), ('XDG_CONFIG_DIRS', '/etc/xdg/xdg-ubuntu:/etc/xdg'), ('CONDA_EXE', '/home/jay/anaconda3/bin/conda'), ('XDG_DATA_DIRS', '/usr/share/ubuntu:/usr/share/gnome:/usr/local/share/:/usr/share/:/var/lib/snapd/desktop'), ('PYTHONPATH', '/home/jay/SCV_Perception/build/ultralytics_ros2:/home/jay/SCV_Perception/install/ultralytics_ros2/lib/python3.10/site-packages:/home/jay/SCV_Perception/build/object_depth_tracker:/home/jay/SCV_Perception/install/object_depth_tracker/lib/python3.10/site-packages:/home/jay/SCV_Perception/install/perception_interface/lib/python3.13/site-packages:/home/jay/SCV_Perception/install/memsort_ros2/lib/python3.13/site-packages:/opt/ros/humble/lib/python3.10/site-packages:/opt/ros/humble/local/lib/python3.10/dist-packages::/home/jay/AB3DMOT:/home/jay/Xinshuo_PyToolbox:/home/jay/AB3DMOT:/home/jay/Xinshuo_PyToolbox'), ('LC_NUMERIC', 'ko_KR.UTF-8'), ('LC_PAPER', 'ko_KR.UTF-8'), ('COLCON', '1'), ('VTE_VERSION', '6800'), ('CMAKE_PREFIX_PATH', '/home/jay/SCV_Perception/install/perception_interface:/home/jay/SCV_Perception/install/memsort_ros2:/home/jay/SCV_Perception/install/ultralytics_ros2:/home/jay/SCV_Perception/install/object_depth_tracker:/opt/ros/humble')]), 'shell': False}
[1.449325] (perception_interface) StdoutLine: {'line': b'[  2%] \x1b[34m\x1b[1mGenerating C code for ROS interfaces\x1b[0m\n'}
[1.455382] (perception_interface) StdoutLine: {'line': b'[  5%] \x1b[34m\x1b[1mGenerating C++ code for ROS interfaces\x1b[0m\n'}
[1.459437] (perception_interface) StdoutLine: {'line': b'[  5%] Built target ament_cmake_python_symlink_perception_interface\n'}
[1.501630] (-) TimerEvent: {}
[1.601842] (-) TimerEvent: {}
[1.639569] (perception_interface) StdoutLine: {'line': b'running egg_info\n'}
[1.657343] (perception_interface) StdoutLine: {'line': b'creating perception_interface.egg-info\n'}
[1.657511] (perception_interface) StdoutLine: {'line': b'writing perception_interface.egg-info/PKG-INFO\n'}
[1.657654] (perception_interface) StdoutLine: {'line': b'writing dependency_links to perception_interface.egg-info/dependency_links.txt\n'}
[1.657821] (perception_interface) StdoutLine: {'line': b'writing top-level names to perception_interface.egg-info/top_level.txt\n'}
[1.657899] (perception_interface) StdoutLine: {'line': b"writing manifest file 'perception_interface.egg-info/SOURCES.txt'\n"}
[1.701960] (-) TimerEvent: {}
[1.710232] (perception_interface) StdoutLine: {'line': b"reading manifest file 'perception_interface.egg-info/SOURCES.txt'\n"}
[1.710949] (perception_interface) StdoutLine: {'line': b"writing manifest file 'perception_interface.egg-info/SOURCES.txt'\n"}
[1.712671] (perception_interface) StdoutLine: {'line': b'[  7%] \x1b[32mBuilding C object CMakeFiles/perception_interface__rosidl_generator_c.dir/rosidl_generator_c/perception_interface/msg/detail/detection_result__functions.c.o\x1b[0m\n'}
[1.712795] (perception_interface) StdoutLine: {'line': b'[ 10%] \x1b[32mBuilding C object CMakeFiles/perception_interface__rosidl_generator_c.dir/rosidl_generator_c/perception_interface/msg/detail/detection_array__functions.c.o\x1b[0m\n'}
[1.716534] (perception_interface) StdoutLine: {'line': b'[ 10%] Built target perception_interface__cpp\n'}
[1.722851] (perception_interface) StdoutLine: {'line': b'[ 17%] \x1b[34m\x1b[1mGenerating C++ type support dispatch for ROS interfaces\x1b[0m\n'}
[1.722989] (perception_interface) StdoutLine: {'line': b'[ 17%] \x1b[34m\x1b[1mGenerating C++ type support for eProsima Fast-RTPS\x1b[0m\n'}
[1.723085] (perception_interface) StdoutLine: {'line': b'[ 17%] \x1b[34m\x1b[1mGenerating C++ introspection for ROS interfaces\x1b[0m\n'}
[1.731205] (perception_interface) StdoutLine: {'line': b'[ 17%] Built target ament_cmake_python_build_perception_interface_egg\n'}
[1.745705] (perception_interface) StdoutLine: {'line': b'[ 20%] \x1b[32m\x1b[1mLinking C shared library libperception_interface__rosidl_generator_c.so\x1b[0m\n'}
[1.769241] (perception_interface) StdoutLine: {'line': b'[ 20%] Built target perception_interface__rosidl_generator_c\n'}
[1.775497] (perception_interface) StdoutLine: {'line': b'[ 28%] \x1b[34m\x1b[1mGenerating C introspection for ROS interfaces\x1b[0m\n'}
[1.775617] (perception_interface) StdoutLine: {'line': b'[ 28%] \x1b[34m\x1b[1mGenerating C type support for eProsima Fast-RTPS\x1b[0m\n'}
[1.775670] (perception_interface) StdoutLine: {'line': b'[ 28%] \x1b[34m\x1b[1mGenerating C type support dispatch for ROS interfaces\x1b[0m\n'}
[1.802039] (-) TimerEvent: {}
[1.902228] (-) TimerEvent: {}
[1.944598] (perception_interface) StdoutLine: {'line': b'[ 33%] \x1b[32mBuilding CXX object CMakeFiles/perception_interface__rosidl_typesupport_cpp.dir/rosidl_typesupport_cpp/perception_interface/msg/detection_result__type_support.cpp.o\x1b[0m\n'}
[1.944716] (perception_interface) StdoutLine: {'line': b'[ 33%] \x1b[32mBuilding CXX object CMakeFiles/perception_interface__rosidl_typesupport_cpp.dir/rosidl_typesupport_cpp/perception_interface/msg/detection_array__type_support.cpp.o\x1b[0m\n'}
[1.958560] (perception_interface) StdoutLine: {'line': b'[ 38%] \x1b[32mBuilding CXX object CMakeFiles/perception_interface__rosidl_typesupport_introspection_cpp.dir/rosidl_typesupport_introspection_cpp/perception_interface/msg/detail/detection_result__type_support.cpp.o\x1b[0m\n'}
[1.958746] (perception_interface) StdoutLine: {'line': b'[ 38%] \x1b[32mBuilding CXX object CMakeFiles/perception_interface__rosidl_typesupport_introspection_cpp.dir/rosidl_typesupport_introspection_cpp/perception_interface/msg/detail/detection_array__type_support.cpp.o\x1b[0m\n'}
[1.974177] (perception_interface) StdoutLine: {'line': b'[ 43%] \x1b[32mBuilding CXX object CMakeFiles/perception_interface__rosidl_typesupport_fastrtps_cpp.dir/rosidl_typesupport_fastrtps_cpp/perception_interface/msg/detail/dds_fastrtps/detection_result__type_support.cpp.o\x1b[0m\n'}
[1.974373] (perception_interface) StdoutLine: {'line': b'[ 43%] \x1b[32mBuilding CXX object CMakeFiles/perception_interface__rosidl_typesupport_fastrtps_cpp.dir/rosidl_typesupport_fastrtps_cpp/perception_interface/msg/detail/dds_fastrtps/detection_array__type_support.cpp.o\x1b[0m\n'}
[2.002335] (-) TimerEvent: {}
[2.003106] (perception_interface) StdoutLine: {'line': b'[ 48%] \x1b[32mBuilding CXX object CMakeFiles/perception_interface__rosidl_typesupport_c.dir/rosidl_typesupport_c/perception_interface/msg/detection_result__type_support.cpp.o\x1b[0m\n'}
[2.003267] (perception_interface) StdoutLine: {'line': b'[ 48%] \x1b[32mBuilding CXX object CMakeFiles/perception_interface__rosidl_typesupport_c.dir/rosidl_typesupport_c/perception_interface/msg/detection_array__type_support.cpp.o\x1b[0m\n'}
[2.025531] (perception_interface) StdoutLine: {'line': b'[ 51%] \x1b[32m\x1b[1mLinking CXX shared library libperception_interface__rosidl_typesupport_c.so\x1b[0m\n'}
[2.029004] (perception_interface) StdoutLine: {'line': b'[ 56%] \x1b[32mBuilding C object CMakeFiles/perception_interface__rosidl_typesupport_introspection_c.dir/rosidl_typesupport_introspection_c/perception_interface/msg/detail/detection_result__type_support.c.o\x1b[0m\n'}
[2.029187] (perception_interface) StdoutLine: {'line': b'[ 56%] \x1b[32mBuilding C object CMakeFiles/perception_interface__rosidl_typesupport_introspection_c.dir/rosidl_typesupport_introspection_c/perception_interface/msg/detail/detection_array__type_support.c.o\x1b[0m\n'}
[2.030410] (perception_interface) StdoutLine: {'line': b'[ 61%] \x1b[32mBuilding CXX object CMakeFiles/perception_interface__rosidl_typesupport_fastrtps_c.dir/rosidl_typesupport_fastrtps_c/perception_interface/msg/detail/detection_result__type_support_c.cpp.o\x1b[0m\n'}
[2.030565] (perception_interface) StdoutLine: {'line': b'[ 61%] \x1b[32mBuilding CXX object CMakeFiles/perception_interface__rosidl_typesupport_fastrtps_c.dir/rosidl_typesupport_fastrtps_c/perception_interface/msg/detail/detection_array__type_support_c.cpp.o\x1b[0m\n'}
[2.063020] (perception_interface) StdoutLine: {'line': b'[ 64%] \x1b[32m\x1b[1mLinking C shared library libperception_interface__rosidl_typesupport_introspection_c.so\x1b[0m\n'}
[2.063198] (perception_interface) StdoutLine: {'line': b'[ 64%] Built target perception_interface__rosidl_typesupport_c\n'}
[2.084384] (perception_interface) StdoutLine: {'line': b'[ 64%] Built target perception_interface__rosidl_typesupport_introspection_c\n'}
[2.102417] (-) TimerEvent: {}
[2.135834] (perception_interface) StdoutLine: {'line': b'[ 66%] \x1b[32m\x1b[1mLinking CXX shared library libperception_interface__rosidl_typesupport_cpp.so\x1b[0m\n'}
[2.162648] (perception_interface) StdoutLine: {'line': b'[ 66%] Built target perception_interface__rosidl_typesupport_cpp\n'}
[2.202503] (-) TimerEvent: {}
[2.273231] (perception_interface) StdoutLine: {'line': b'[ 69%] \x1b[32m\x1b[1mLinking CXX shared library libperception_interface__rosidl_typesupport_fastrtps_c.so\x1b[0m\n'}
[2.302596] (-) TimerEvent: {}
[2.307616] (perception_interface) StdoutLine: {'line': b'[ 71%] \x1b[32m\x1b[1mLinking CXX shared library libperception_interface__rosidl_typesupport_fastrtps_cpp.so\x1b[0m\n'}
[2.318244] (perception_interface) StdoutLine: {'line': b'[ 74%] \x1b[32m\x1b[1mLinking CXX shared library libperception_interface__rosidl_typesupport_introspection_cpp.so\x1b[0m\n'}
[2.318427] (perception_interface) StdoutLine: {'line': b'[ 74%] Built target perception_interface__rosidl_typesupport_fastrtps_c\n'}
[2.359244] (perception_interface) StdoutLine: {'line': b'[ 74%] Built target perception_interface__rosidl_typesupport_fastrtps_cpp\n'}
[2.369306] (perception_interface) StdoutLine: {'line': b'[ 74%] Built target perception_interface__rosidl_typesupport_introspection_cpp\n'}
[2.380332] (perception_interface) StdoutLine: {'line': b'[ 74%] Built target perception_interface\n'}
[2.391521] (perception_interface) StdoutLine: {'line': b'[ 76%] \x1b[34m\x1b[1mGenerating Python code for ROS interfaces\x1b[0m\n'}
[2.402655] (-) TimerEvent: {}
[2.502844] (-) TimerEvent: {}
[2.603038] (-) TimerEvent: {}
[2.703240] (-) TimerEvent: {}
[2.762329] (perception_interface) StdoutLine: {'line': b'[ 76%] Built target perception_interface__py\n'}
[2.773540] (perception_interface) StdoutLine: {'line': b'[ 82%] \x1b[32mBuilding C object CMakeFiles/perception_interface__rosidl_generator_py.dir/rosidl_generator_py/perception_interface/msg/_detection_array_s.c.o\x1b[0m\n'}
[2.773666] (perception_interface) StdoutLine: {'line': b'[ 82%] \x1b[32mBuilding C object CMakeFiles/perception_interface__rosidl_generator_py.dir/rosidl_generator_py/perception_interface/msg/_detection_result_s.c.o\x1b[0m\n'}
[2.803328] (-) TimerEvent: {}
[2.855107] (perception_interface) StdoutLine: {'line': b'[ 84%] \x1b[32m\x1b[1mLinking C shared library rosidl_generator_py/perception_interface/libperception_interface__rosidl_generator_py.so\x1b[0m\n'}
[2.880808] (perception_interface) StdoutLine: {'line': b'[ 84%] Built target perception_interface__rosidl_generator_py\n'}
[2.892230] (perception_interface) StdoutLine: {'line': b'[ 87%] \x1b[32mBuilding C object CMakeFiles/perception_interface__rosidl_typesupport_introspection_c__pyext.dir/rosidl_generator_py/perception_interface/_perception_interface_s.ep.rosidl_typesupport_introspection_c.c.o\x1b[0m\n'}
[2.892353] (perception_interface) StdoutLine: {'line': b'[ 89%] \x1b[32mBuilding C object CMakeFiles/perception_interface__rosidl_typesupport_c__pyext.dir/rosidl_generator_py/perception_interface/_perception_interface_s.ep.rosidl_typesupport_c.c.o\x1b[0m\n'}
[2.892493] (perception_interface) StdoutLine: {'line': b'[ 92%] \x1b[32mBuilding C object CMakeFiles/perception_interface__rosidl_typesupport_fastrtps_c__pyext.dir/rosidl_generator_py/perception_interface/_perception_interface_s.ep.rosidl_typesupport_fastrtps_c.c.o\x1b[0m\n'}
[2.903434] (-) TimerEvent: {}
[2.958171] (perception_interface) StdoutLine: {'line': b'[100%] \x1b[32m\x1b[1mLinking C shared library rosidl_generator_py/perception_interface/perception_interface_s__rosidl_typesupport_c.cpython-310-x86_64-linux-gnu.so\x1b[0m\n'}
[2.958342] (perception_interface) StdoutLine: {'line': b'[100%] \x1b[32m\x1b[1mLinking C shared library rosidl_generator_py/perception_interface/perception_interface_s__rosidl_typesupport_fastrtps_c.cpython-310-x86_64-linux-gnu.so\x1b[0m\n'}
[2.958421] (perception_interface) StdoutLine: {'line': b'[100%] \x1b[32m\x1b[1mLinking C shared library rosidl_generator_py/perception_interface/perception_interface_s__rosidl_typesupport_introspection_c.cpython-310-x86_64-linux-gnu.so\x1b[0m\n'}
[2.984590] (perception_interface) StdoutLine: {'line': b'[100%] Built target perception_interface__rosidl_typesupport_introspection_c__pyext\n'}
[2.984756] (perception_interface) StdoutLine: {'line': b'[100%] Built target perception_interface__rosidl_typesupport_c__pyext\n'}
[2.984835] (perception_interface) StdoutLine: {'line': b'[100%] Built target perception_interface__rosidl_typesupport_fastrtps_c__pyext\n'}
[2.990950] (perception_interface) CommandEnded: {'returncode': 0}
[2.991429] (perception_interface) JobProgress: {'identifier': 'perception_interface', 'progress': 'install'}
[2.991673] (perception_interface) Command: {'cmd': ['/usr/bin/cmake', '--install', '/home/jay/SCV_Perception/build/perception_interface'], 'cwd': '/home/jay/SCV_Perception/build/perception_interface', 'env': OrderedDict([('GJS_DEBUG_TOPICS', 'JS ERROR;JS LOG'), ('LESSOPEN', '| /usr/bin/lesspipe %s'), ('LANGUAGE', 'ko:en'), ('USER', 'jay'), ('LC_TIME', 'ko_KR.UTF-8'), ('XDG_SESSION_TYPE', 'x11'), ('SHLVL', '1'), ('LD_LIBRARY_PATH', '/home/jay/SCV_Perception/install/perception_interface/lib:/usr/local/TensorRT-10.10.0.31/lib:/opt/ros/humble/opt/rviz_ogre_vendor/lib:/opt/ros/humble/lib/x86_64-linux-gnu:/opt/ros/humble/lib'), ('HOME', '/home/jay'), ('CONDA_SHLVL', '0'), ('OLDPWD', '/home/jay'), ('DESKTOP_SESSION', 'ubuntu'), ('GIO_LAUNCHED_DESKTOP_FILE', '/usr/share/applications/terminator.desktop'), ('ROS_PYTHON_VERSION', '3'), ('GNOME_SHELL_SESSION_MODE', 'ubuntu'), ('GTK_MODULES', 'gail:atk-bridge'), ('LC_MONETARY', 'ko_KR.UTF-8'), ('MANAGERPID', '2714'), ('SYSTEMD_EXEC_PID', '2969'), ('DBUS_SESSION_BUS_ADDRESS', 'unix:path=/run/user/1000/bus'), ('COLORTERM', 'truecolor'), ('TERMINATOR_DBUS_NAME', 'net.tenshu.Terminator23558193cd9818af7fe4d2c2f5bd9d00f'), ('GIO_LAUNCHED_DESKTOP_FILE_PID', '164561'), ('TORCH_CUDA_ARCH_LIST', '7.5'), ('COLCON_PREFIX_PATH', '/home/jay/SCV_Perception/install'), ('ROS_DISTRO', 'humble'), ('GTK_IM_MODULE', 'ibus'), ('LOGNAME', 'jay'), ('JOURNAL_STREAM', '8:6140'), ('_', '/usr/bin/colcon'), ('ROS_VERSION', '2'), ('XDG_SESSION_CLASS', 'user'), ('USERNAME', 'jay'), ('TERM', 'xterm-256color'), ('GNOME_DESKTOP_SESSION_ID', 'this-is-deprecated'), ('ROS_LOCALHOST_ONLY', '1'), ('WINDOWPATH', '2'), ('PATH', '/home/jay/.npm-global/bin:/home/jay/.local/bin:/home/jay/anaconda3/condabin:/opt/ros/humble/bin:/home/jay/.local/bin:/usr/local/sbin:/usr/local/bin:/usr/sbin:/usr/bin:/sbin:/bin:/usr/games:/usr/local/games:/snap/bin:/snap/bin'), ('SESSION_MANAGER', 'local/D02-521-39:@/tmp/.ICE-unix/2941,unix/D02-521-39:/tmp/.ICE-unix/2941'), ('INVOCATION_ID', 'f1c23af3e0ed4c03911ec09fc30a15a3'), ('PAPERSIZE', 'a4'), ('XDG_MENU_PREFIX', 'gnome-'), ('LC_ADDRESS', 'ko_KR.UTF-8'), ('XDG_RUNTIME_DIR', '/run/user/1000'), ('DISPLAY', ':1'), ('TERMINATOR_DBUS_PATH', '/net/tenshu/Terminator2'), ('LANG', 'ko_KR.UTF-8'), ('XDG_CURRENT_DESKTOP', 'ubuntu:GNOME'), ('IBUS_DISABLE_SNOOPER', '1'), ('LC_TELEPHONE', 'ko_KR.UTF-8'), ('XMODIFIERS', '@im=ibus'), ('XDG_SESSION_DESKTOP', 'ubuntu'), ('XAUTHORITY', '/run/user/1000/gdm/Xauthority'), ('LS_COLORS', 'rs=0:di=01;34:ln=01;36:mh=00:pi=40;33:so=01;35:do=01;35:bd=40;33;01:cd=40;33;01:or=40;31;01:mi=00:su=37;41:sg=30;43:ca=30;41:tw=30;42:ow=34;42:st=37;44:ex=01;32:*.tar=01;31:*.tgz=01;31:*.arc=01;31:*.arj=01;31:*.taz=01;31:*.lha=01;31:*.lz4=01;31:*.lzh=01;31:*.lzma=01;31:*.tlz=01;31:*.txz=01;31:*.tzo=01;31:*.t7z=01;31:*.zip=01;31:*.z=01;31:*.dz=01;31:*.gz=01;31:*.lrz=01;31:*.lz=01;31:*.lzo=01;31:*.xz=01;31:*.zst=01;31:*.tzst=01;31:*.bz2=01;31:*.bz=01;31:*.tbz=01;31:*.tbz2=01;31:*.tz=01;31:*.deb=01;31:*.rpm=01;31:*.jar=01;31:*.war=01;31:*.ear=01;31:*.sar=01;31:*.rar=01;31:*.alz=01;31:*.ace=01;31:*.zoo=01;31:*.cpio=01;31:*.7z=01;31:*.rz=01;31:*.cab=01;31:*.wim=01;31:*.swm=01;31:*.dwm=01;31:*.esd=01;31:*.jpg=01;35:*.jpeg=01;35:*.mjpg=01;35:*.mjpeg=01;35:*.gif=01;35:*.bmp=01;35:*.pbm=01;35:*.pgm=01;35:*.ppm=01;35:*.tga=01;35:*.xbm=01;35:*.xpm=01;35:*.tif=01;35:*.tiff=01;35:*.png=01;35:*.svg=01;35:*.svgz=01;35:*.mng=01;35:*.pcx=01;35:*.mov=01;35:*.mpg=01;35:*.mpeg=01;35:*.m2v=01;35:*.mkv=01;35:*.webm=01;35:*.webp=01;35:*.ogm=01;35:*.mp4=01;35:*.m4v=01;35:*.mp4v=01;35:*.vob=01;35:*.qt=01;35:*.nuv=01;35:*.wmv=01;35:*.asf=01;35:*.rm=01;35:*.rmvb=01;35:*.flc=01;35:*.avi=01;35:*.fli=01;35:*.flv=01;35:*.gl=01;35:*.dl=01;35:*.xcf=01;35:*.xwd=01;35:*.yuv=01;35:*.cgm=01;35:*.emf=01;35:*.ogv=01;35:*.ogx=01;35:*.aac=00;36:*.au=00;36:*.flac=00;36:*.m4a=00;36:*.mid=00;36:*.midi=00;36:*.mka=00;36:*.mp3=00;36:*.mpc=00;36:*.ogg=00;36:*.ra=00;36:*.wav=00;36:*.oga=00;36:*.opus=00;36:*.spx=00;36:*.xspf=00;36:'), ('SSH_AGENT_LAUNCHER', 'gnome-keyring'), ('SSH_AUTH_SOCK', '/run/user/1000/keyring/ssh'), ('ROS_DOMAIN_ID', '39'), ('AMENT_PREFIX_PATH', '/home/jay/SCV_Perception/install/ultralytics_ros2:/home/jay/SCV_Perception/install/object_depth_tracker:/home/jay/SCV_Perception/install/perception_interface:/home/jay/SCV_Perception/install/memsort_ros2:/opt/ros/humble'), ('CONDA_PYTHON_EXE', '/home/jay/anaconda3/bin/python'), ('SHELL', '/bin/bash'), ('LC_NAME', 'ko_KR.UTF-8'), ('TERMINATOR_UUID', 'urn:uuid:b7c6f5e0-a10e-4029-910a-5edd79897f0d'), ('QT_ACCESSIBILITY', '1'), ('GDMSESSION', 'ubuntu'), ('TensorRT_ROOT', '/usr/local/TensorRT-10.10.0.31'), ('LESSCLOSE', '/usr/bin/lesspipe %s %s'), ('LC_MEASUREMENT', 'ko_KR.UTF-8'), ('GPG_AGENT_INFO', '/run/user/1000/gnupg/S.gpg-agent:0:1'), ('GJS_DEBUG_OUTPUT', 'stderr'), ('LC_IDENTIFICATION', 'ko_KR.UTF-8'), ('QT_IM_MODULE', 'ibus'), ('PWD', '/home/jay/SCV_Perception/build/perception_interface'), ('XDG_CONFIG_DIRS', '/etc/xdg/xdg-ubuntu:/etc/xdg'), ('CONDA_EXE', '/home/jay/anaconda3/bin/conda'), ('XDG_DATA_DIRS', '/usr/share/ubuntu:/usr/share/gnome:/usr/local/share/:/usr/share/:/var/lib/snapd/desktop'), ('PYTHONPATH', '/home/jay/SCV_Perception/build/ultralytics_ros2:/home/jay/SCV_Perception/install/ultralytics_ros2/lib/python3.10/site-packages:/home/jay/SCV_Perception/build/object_depth_tracker:/home/jay/SCV_Perception/install/object_depth_tracker/lib/python3.10/site-packages:/home/jay/SCV_Perception/install/perception_interface/lib/python3.13/site-packages:/home/jay/SCV_Perception/install/memsort_ros2/lib/python3.13/site-packages:/opt/ros/humble/lib/python3.10/site-packages:/opt/ros/humble/local/lib/python3.10/dist-packages::/home/jay/AB3DMOT:/home/jay/Xinshuo_PyToolbox:/home/jay/AB3DMOT:/home/jay/Xinshuo_PyToolbox'), ('LC_NUMERIC', 'ko_KR.UTF-8'), ('LC_PAPER', 'ko_KR.UTF-8'), ('COLCON', '1'), ('VTE_VERSION', '6800'), ('CMAKE_PREFIX_PATH', '/home/jay/SCV_Perception/install/perception_interface:/home/jay/SCV_Perception/install/memsort_ros2:/home/jay/SCV_Perception/install/ultralytics_ros2:/home/jay/SCV_Perception/install/object_depth_tracker:/opt/ros/humble')]), 'shell': False}
[2.996080] (perception_interface) StdoutLine: {'line': b'-- Install configuration: ""\n'}
[2.996453] (perception_interface) StdoutLine: {'line': b'-- Execute custom install script\n'}
[2.996630] (perception_interface) StdoutLine: {'line': b'-- Symlinking: /home/jay/SCV_Perception/install/perception_interface/share/ament_index/resource_index/rosidl_interfaces/perception_interface\n'}
[3.001595] (perception_interface) StdoutLine: {'line': b'-- Symlinking: /home/jay/SCV_Perception/install/perception_interface/include/perception_interface/perception_interface/msg/detail/detection_array__functions.h\n'}
[3.003523] (-) TimerEvent: {}
[3.006060] (perception_interface) StdoutLine: {'line': b'-- Symlinking: /home/jay/SCV_Perception/install/perception_interface/include/perception_interface/perception_interface/msg/detail/detection_array__struct.h\n'}
[3.010446] (perception_interface) StdoutLine: {'line': b'-- Symlinking: /home/jay/SCV_Perception/install/perception_interface/include/perception_interface/perception_interface/msg/detail/detection_array__type_support.h\n'}
[3.015043] (perception_interface) StdoutLine: {'line': b'-- Symlinking: /home/jay/SCV_Perception/install/perception_interface/include/perception_interface/perception_interface/msg/detail/detection_result__functions.h\n'}
[3.019657] (perception_interface) StdoutLine: {'line': b'-- Symlinking: /home/jay/SCV_Perception/install/perception_interface/include/perception_interface/perception_interface/msg/detail/detection_result__struct.h\n'}
[3.024261] (perception_interface) StdoutLine: {'line': b'-- Symlinking: /home/jay/SCV_Perception/install/perception_interface/include/perception_interface/perception_interface/msg/detail/detection_result__type_support.h\n'}
[3.028999] (perception_interface) StdoutLine: {'line': b'-- Symlinking: /home/jay/SCV_Perception/install/perception_interface/include/perception_interface/perception_interface/msg/detection_array.h\n'}
[3.033572] (perception_interface) StdoutLine: {'line': b'-- Symlinking: /home/jay/SCV_Perception/install/perception_interface/include/perception_interface/perception_interface/msg/detection_result.h\n'}
[3.038108] (perception_interface) StdoutLine: {'line': b'-- Symlinking: /home/jay/SCV_Perception/install/perception_interface/include/perception_interface/perception_interface/msg/rosidl_generator_c__visibility_control.h\n'}
[3.042838] (perception_interface) StdoutLine: {'line': b'-- Symlinking: /home/jay/SCV_Perception/install/perception_interface/share/perception_interface/environment/library_path.sh\n'}
[3.047541] (perception_interface) StdoutLine: {'line': b'-- Symlinking: /home/jay/SCV_Perception/install/perception_interface/share/perception_interface/environment/library_path.dsv\n'}
[3.052316] (perception_interface) StdoutLine: {'line': b'-- Symlinking: /home/jay/SCV_Perception/install/perception_interface/include/perception_interface/perception_interface/msg/detail/detection_array__rosidl_typesupport_fastrtps_c.h\n'}
[3.056784] (perception_interface) StdoutLine: {'line': b'-- Symlinking: /home/jay/SCV_Perception/install/perception_interface/include/perception_interface/perception_interface/msg/detail/detection_result__rosidl_typesupport_fastrtps_c.h\n'}
[3.061183] (perception_interface) StdoutLine: {'line': b'-- Symlinking: /home/jay/SCV_Perception/install/perception_interface/include/perception_interface/perception_interface/msg/rosidl_typesupport_fastrtps_c__visibility_control.h\n'}
[3.065775] (perception_interface) StdoutLine: {'line': b'-- Symlinking: /home/jay/SCV_Perception/install/perception_interface/include/perception_interface/perception_interface/msg/detail/detection_array__builder.hpp\n'}
[3.070233] (perception_interface) StdoutLine: {'line': b'-- Symlinking: /home/jay/SCV_Perception/install/perception_interface/include/perception_interface/perception_interface/msg/detail/detection_array__struct.hpp\n'}
[3.074639] (perception_interface) StdoutLine: {'line': b'-- Symlinking: /home/jay/SCV_Perception/install/perception_interface/include/perception_interface/perception_interface/msg/detail/detection_array__traits.hpp\n'}
[3.079200] (perception_interface) StdoutLine: {'line': b'-- Symlinking: /home/jay/SCV_Perception/install/perception_interface/include/perception_interface/perception_interface/msg/detail/detection_array__type_support.hpp\n'}
[3.083744] (perception_interface) StdoutLine: {'line': b'-- Symlinking: /home/jay/SCV_Perception/install/perception_interface/include/perception_interface/perception_interface/msg/detail/detection_result__builder.hpp\n'}
[3.088377] (perception_interface) StdoutLine: {'line': b'-- Symlinking: /home/jay/SCV_Perception/install/perception_interface/include/perception_interface/perception_interface/msg/detail/detection_result__struct.hpp\n'}
[3.092760] (perception_interface) StdoutLine: {'line': b'-- Symlinking: /home/jay/SCV_Perception/install/perception_interface/include/perception_interface/perception_interface/msg/detail/detection_result__traits.hpp\n'}
[3.097236] (perception_interface) StdoutLine: {'line': b'-- Symlinking: /home/jay/SCV_Perception/install/perception_interface/include/perception_interface/perception_interface/msg/detail/detection_result__type_support.hpp\n'}
[3.101673] (perception_interface) StdoutLine: {'line': b'-- Symlinking: /home/jay/SCV_Perception/install/perception_interface/include/perception_interface/perception_interface/msg/detection_array.hpp\n'}
[3.103617] (-) TimerEvent: {}
[3.106370] (perception_interface) StdoutLine: {'line': b'-- Symlinking: /home/jay/SCV_Perception/install/perception_interface/include/perception_interface/perception_interface/msg/detection_result.hpp\n'}
[3.111134] (perception_interface) StdoutLine: {'line': b'-- Symlinking: /home/jay/SCV_Perception/install/perception_interface/include/perception_interface/perception_interface/msg/rosidl_generator_cpp__visibility_control.hpp\n'}
[3.115955] (perception_interface) StdoutLine: {'line': b'-- Symlinking: /home/jay/SCV_Perception/install/perception_interface/include/perception_interface/perception_interface/msg/detail/detection_array__rosidl_typesupport_fastrtps_cpp.hpp\n'}
[3.120325] (perception_interface) StdoutLine: {'line': b'-- Symlinking: /home/jay/SCV_Perception/install/perception_interface/include/perception_interface/perception_interface/msg/detail/detection_result__rosidl_typesupport_fastrtps_cpp.hpp\n'}
[3.124707] (perception_interface) StdoutLine: {'line': b'-- Symlinking: /home/jay/SCV_Perception/install/perception_interface/include/perception_interface/perception_interface/msg/rosidl_typesupport_fastrtps_cpp__visibility_control.h\n'}
[3.129551] (perception_interface) StdoutLine: {'line': b'-- Symlinking: /home/jay/SCV_Perception/install/perception_interface/include/perception_interface/perception_interface/msg/detail/detection_array__rosidl_typesupport_introspection_c.h\n'}
[3.134202] (perception_interface) StdoutLine: {'line': b'-- Symlinking: /home/jay/SCV_Perception/install/perception_interface/include/perception_interface/perception_interface/msg/detail/detection_result__rosidl_typesupport_introspection_c.h\n'}
[3.138716] (perception_interface) StdoutLine: {'line': b'-- Symlinking: /home/jay/SCV_Perception/install/perception_interface/include/perception_interface/perception_interface/msg/rosidl_typesupport_introspection_c__visibility_control.h\n'}
[3.143247] (perception_interface) StdoutLine: {'line': b'-- Symlinking: /home/jay/SCV_Perception/install/perception_interface/include/perception_interface/perception_interface/msg/detail/detection_array__rosidl_typesupport_introspection_cpp.hpp\n'}
[3.148116] (perception_interface) StdoutLine: {'line': b'-- Symlinking: /home/jay/SCV_Perception/install/perception_interface/include/perception_interface/perception_interface/msg/detail/detection_result__rosidl_typesupport_introspection_cpp.hpp\n'}
[3.152686] (perception_interface) StdoutLine: {'line': b'-- Symlinking: /home/jay/SCV_Perception/install/perception_interface/share/perception_interface/environment/pythonpath.sh\n'}
[3.157216] (perception_interface) StdoutLine: {'line': b'-- Symlinking: /home/jay/SCV_Perception/install/perception_interface/share/perception_interface/environment/pythonpath.dsv\n'}
[3.161862] (perception_interface) StdoutLine: {'line': b'-- Symlinking: /home/jay/SCV_Perception/install/perception_interface/local/lib/python3.10/dist-packages/perception_interface-0.0.0-py3.10.egg-info/PKG-INFO\n'}
[3.166341] (perception_interface) StdoutLine: {'line': b'-- Symlinking: /home/jay/SCV_Perception/install/perception_interface/local/lib/python3.10/dist-packages/perception_interface-0.0.0-py3.10.egg-info/SOURCES.txt\n'}
[3.171143] (perception_interface) StdoutLine: {'line': b'-- Symlinking: /home/jay/SCV_Perception/install/perception_interface/local/lib/python3.10/dist-packages/perception_interface-0.0.0-py3.10.egg-info/dependency_links.txt\n'}
[3.175680] (perception_interface) StdoutLine: {'line': b'-- Symlinking: /home/jay/SCV_Perception/install/perception_interface/local/lib/python3.10/dist-packages/perception_interface-0.0.0-py3.10.egg-info/top_level.txt\n'}
[3.180775] (perception_interface) StdoutLine: {'line': b'-- Symlinking: /home/jay/SCV_Perception/install/perception_interface/local/lib/python3.10/dist-packages/perception_interface/__init__.py\n'}
[3.185250] (perception_interface) StdoutLine: {'line': b'-- Symlinking: /home/jay/SCV_Perception/install/perception_interface/local/lib/python3.10/dist-packages/perception_interface/_perception_interface_s.ep.rosidl_typesupport_c.c\n'}
[3.189801] (perception_interface) StdoutLine: {'line': b'-- Symlinking: /home/jay/SCV_Perception/install/perception_interface/local/lib/python3.10/dist-packages/perception_interface/_perception_interface_s.ep.rosidl_typesupport_fastrtps_c.c\n'}
[3.194299] (perception_interface) StdoutLine: {'line': b'-- Symlinking: /home/jay/SCV_Perception/install/perception_interface/local/lib/python3.10/dist-packages/perception_interface/_perception_interface_s.ep.rosidl_typesupport_introspection_c.c\n'}
[3.198695] (perception_interface) StdoutLine: {'line': b'-- Symlinking: /home/jay/SCV_Perception/install/perception_interface/local/lib/python3.10/dist-packages/perception_interface/libperception_interface__rosidl_generator_py.so\n'}
[3.203140] (perception_interface) StdoutLine: {'line': b'-- Symlinking: /home/jay/SCV_Perception/install/perception_interface/local/lib/python3.10/dist-packages/perception_interface/msg/__init__.py\n'}
[3.203677] (-) TimerEvent: {}
[3.207476] (perception_interface) StdoutLine: {'line': b'-- Symlinking: /home/jay/SCV_Perception/install/perception_interface/local/lib/python3.10/dist-packages/perception_interface/msg/_detection_array.py\n'}
[3.211927] (perception_interface) StdoutLine: {'line': b'-- Symlinking: /home/jay/SCV_Perception/install/perception_interface/local/lib/python3.10/dist-packages/perception_interface/msg/_detection_array_s.c\n'}
[3.216419] (perception_interface) StdoutLine: {'line': b'-- Symlinking: /home/jay/SCV_Perception/install/perception_interface/local/lib/python3.10/dist-packages/perception_interface/msg/_detection_result.py\n'}
[3.220859] (perception_interface) StdoutLine: {'line': b'-- Symlinking: /home/jay/SCV_Perception/install/perception_interface/local/lib/python3.10/dist-packages/perception_interface/msg/_detection_result_s.c\n'}
[3.225278] (perception_interface) StdoutLine: {'line': b'-- Symlinking: /home/jay/SCV_Perception/install/perception_interface/local/lib/python3.10/dist-packages/perception_interface/perception_interface_s__rosidl_typesupport_c.cpython-310-x86_64-linux-gnu.so\n'}
[3.230148] (perception_interface) StdoutLine: {'line': b'-- Symlinking: /home/jay/SCV_Perception/install/perception_interface/local/lib/python3.10/dist-packages/perception_interface/perception_interface_s__rosidl_typesupport_fastrtps_c.cpython-310-x86_64-linux-gnu.so\n'}
[3.234871] (perception_interface) StdoutLine: {'line': b'-- Symlinking: /home/jay/SCV_Perception/install/perception_interface/local/lib/python3.10/dist-packages/perception_interface/perception_interface_s__rosidl_typesupport_introspection_c.cpython-310-x86_64-linux-gnu.so\n'}
[3.239648] (perception_interface) StdoutLine: {'line': b'-- Up-to-date symlink: /home/jay/SCV_Perception/install/perception_interface/local/lib/python3.10/dist-packages/perception_interface/perception_interface_s__rosidl_typesupport_fastrtps_c.cpython-310-x86_64-linux-gnu.so\n'}
[3.239848] (perception_interface) StdoutLine: {'line': b'-- Up-to-date symlink: /home/jay/SCV_Perception/install/perception_interface/local/lib/python3.10/dist-packages/perception_interface/perception_interface_s__rosidl_typesupport_introspection_c.cpython-310-x86_64-linux-gnu.so\n'}
[3.240038] (perception_interface) StdoutLine: {'line': b'-- Up-to-date symlink: /home/jay/SCV_Perception/install/perception_interface/local/lib/python3.10/dist-packages/perception_interface/perception_interface_s__rosidl_typesupport_c.cpython-310-x86_64-linux-gnu.so\n'}
[3.240178] (perception_interface) StdoutLine: {'line': b'-- Symlinking: /home/jay/SCV_Perception/install/perception_interface/share/perception_interface/msg/DetectionResult.idl\n'}
[3.244637] (perception_interface) StdoutLine: {'line': b'-- Symlinking: /home/jay/SCV_Perception/install/perception_interface/share/perception_interface/msg/DetectionArray.idl\n'}
[3.249204] (perception_interface) StdoutLine: {'line': b'-- Symlinking: /home/jay/SCV_Perception/install/perception_interface/share/perception_interface/msg/DetectionResult.msg\n'}
[3.253679] (perception_interface) StdoutLine: {'line': b'-- Symlinking: /home/jay/SCV_Perception/install/perception_interface/share/perception_interface/msg/DetectionArray.msg\n'}
[3.258207] (perception_interface) StdoutLine: {'line': b'-- Symlinking: /home/jay/SCV_Perception/install/perception_interface/share/ament_index/resource_index/package_run_dependencies/perception_interface\n'}
[3.262759] (perception_interface) StdoutLine: {'line': b'-- Symlinking: /home/jay/SCV_Perception/install/perception_interface/share/ament_index/resource_index/parent_prefix_path/perception_interface\n'}
[3.267260] (perception_interface) StdoutLine: {'line': b'-- Symlinking: /home/jay/SCV_Perception/install/perception_interface/share/perception_interface/environment/ament_prefix_path.sh\n'}
[3.272036] (perception_interface) StdoutLine: {'line': b'-- Symlinking: /home/jay/SCV_Perception/install/perception_interface/share/perception_interface/environment/ament_prefix_path.dsv\n'}
[3.276760] (perception_interface) StdoutLine: {'line': b'-- Symlinking: /home/jay/SCV_Perception/install/perception_interface/share/perception_interface/environment/path.sh\n'}
[3.281429] (perception_interface) StdoutLine: {'line': b'-- Symlinking: /home/jay/SCV_Perception/install/perception_interface/share/perception_interface/environment/path.dsv\n'}
[3.286069] (perception_interface) StdoutLine: {'line': b'-- Symlinking: /home/jay/SCV_Perception/install/perception_interface/share/perception_interface/local_setup.bash\n'}
[3.290665] (perception_interface) StdoutLine: {'line': b'-- Symlinking: /home/jay/SCV_Perception/install/perception_interface/share/perception_interface/local_setup.sh\n'}
[3.295626] (perception_interface) StdoutLine: {'line': b'-- Symlinking: /home/jay/SCV_Perception/install/perception_interface/share/perception_interface/local_setup.zsh\n'}
[3.300307] (perception_interface) StdoutLine: {'line': b'-- Symlinking: /home/jay/SCV_Perception/install/perception_interface/share/perception_interface/local_setup.dsv\n'}
[3.303774] (-) TimerEvent: {}
[3.304867] (perception_interface) StdoutLine: {'line': b'-- Symlinking: /home/jay/SCV_Perception/install/perception_interface/share/perception_interface/package.dsv\n'}
[3.309397] (perception_interface) StdoutLine: {'line': b'-- Symlinking: /home/jay/SCV_Perception/install/perception_interface/share/ament_index/resource_index/packages/perception_interface\n'}
[3.313887] (perception_interface) StdoutLine: {'line': b'-- Symlinking: /home/jay/SCV_Perception/install/perception_interface/share/perception_interface/cmake/rosidl_cmake-extras.cmake\n'}
[3.318324] (perception_interface) StdoutLine: {'line': b'-- Symlinking: /home/jay/SCV_Perception/install/perception_interface/share/perception_interface/cmake/ament_cmake_export_dependencies-extras.cmake\n'}
[3.322692] (perception_interface) StdoutLine: {'line': b'-- Symlinking: /home/jay/SCV_Perception/install/perception_interface/share/perception_interface/cmake/ament_cmake_export_include_directories-extras.cmake\n'}
[3.327116] (perception_interface) StdoutLine: {'line': b'-- Symlinking: /home/jay/SCV_Perception/install/perception_interface/share/perception_interface/cmake/ament_cmake_export_libraries-extras.cmake\n'}
[3.331715] (perception_interface) StdoutLine: {'line': b'-- Symlinking: /home/jay/SCV_Perception/install/perception_interface/share/perception_interface/cmake/ament_cmake_export_targets-extras.cmake\n'}
[3.336359] (perception_interface) StdoutLine: {'line': b'-- Symlinking: /home/jay/SCV_Perception/install/perception_interface/share/perception_interface/cmake/rosidl_cmake_export_typesupport_targets-extras.cmake\n'}
[3.340907] (perception_interface) StdoutLine: {'line': b'-- Symlinking: /home/jay/SCV_Perception/install/perception_interface/share/perception_interface/cmake/rosidl_cmake_export_typesupport_libraries-extras.cmake\n'}
[3.345555] (perception_interface) StdoutLine: {'line': b'-- Symlinking: /home/jay/SCV_Perception/install/perception_interface/share/perception_interface/cmake/perception_interfaceConfig.cmake\n'}
[3.350034] (perception_interface) StdoutLine: {'line': b'-- Symlinking: /home/jay/SCV_Perception/install/perception_interface/share/perception_interface/cmake/perception_interfaceConfig-version.cmake\n'}
[3.354793] (perception_interface) StdoutLine: {'line': b'-- Symlinking: /home/jay/SCV_Perception/install/perception_interface/share/perception_interface/package.xml\n'}
[3.359752] (perception_interface) StdoutLine: {'line': b'-- Installing: /home/jay/SCV_Perception/install/perception_interface/lib/libperception_interface__rosidl_generator_c.so\n'}
[3.360040] (perception_interface) StdoutLine: {'line': b'-- Set runtime path of "/home/jay/SCV_Perception/install/perception_interface/lib/libperception_interface__rosidl_generator_c.so" to ""\n'}
[3.360112] (perception_interface) StdoutLine: {'line': b'-- Installing: /home/jay/SCV_Perception/install/perception_interface/lib/libperception_interface__rosidl_typesupport_fastrtps_c.so\n'}
[3.360284] (perception_interface) StdoutLine: {'line': b'-- Set runtime path of "/home/jay/SCV_Perception/install/perception_interface/lib/libperception_interface__rosidl_typesupport_fastrtps_c.so" to ""\n'}
[3.360407] (perception_interface) StdoutLine: {'line': b'-- Installing: /home/jay/SCV_Perception/install/perception_interface/lib/libperception_interface__rosidl_typesupport_fastrtps_cpp.so\n'}
[3.360572] (perception_interface) StdoutLine: {'line': b'-- Set runtime path of "/home/jay/SCV_Perception/install/perception_interface/lib/libperception_interface__rosidl_typesupport_fastrtps_cpp.so" to ""\n'}
[3.360703] (perception_interface) StdoutLine: {'line': b'-- Installing: /home/jay/SCV_Perception/install/perception_interface/lib/libperception_interface__rosidl_typesupport_introspection_c.so\n'}
[3.360810] (perception_interface) StdoutLine: {'line': b'-- Set runtime path of "/home/jay/SCV_Perception/install/perception_interface/lib/libperception_interface__rosidl_typesupport_introspection_c.so" to ""\n'}
[3.360891] (perception_interface) StdoutLine: {'line': b'-- Installing: /home/jay/SCV_Perception/install/perception_interface/lib/libperception_interface__rosidl_typesupport_c.so\n'}
[3.361052] (perception_interface) StdoutLine: {'line': b'-- Set runtime path of "/home/jay/SCV_Perception/install/perception_interface/lib/libperception_interface__rosidl_typesupport_c.so" to ""\n'}
[3.361128] (perception_interface) StdoutLine: {'line': b'-- Installing: /home/jay/SCV_Perception/install/perception_interface/lib/libperception_interface__rosidl_typesupport_introspection_cpp.so\n'}
[3.361390] (perception_interface) StdoutLine: {'line': b'-- Set runtime path of "/home/jay/SCV_Perception/install/perception_interface/lib/libperception_interface__rosidl_typesupport_introspection_cpp.so" to ""\n'}
[3.361466] (perception_interface) StdoutLine: {'line': b'-- Installing: /home/jay/SCV_Perception/install/perception_interface/lib/libperception_interface__rosidl_typesupport_cpp.so\n'}
[3.361622] (perception_interface) StdoutLine: {'line': b'-- Set runtime path of "/home/jay/SCV_Perception/install/perception_interface/lib/libperception_interface__rosidl_typesupport_cpp.so" to ""\n'}
[3.386929] (perception_interface) StdoutLine: {'line': b"Listing '/home/jay/SCV_Perception/install/perception_interface/local/lib/python3.10/dist-packages/perception_interface'...\n"}
[3.387038] (perception_interface) StdoutLine: {'line': b"Compiling '/home/jay/SCV_Perception/install/perception_interface/local/lib/python3.10/dist-packages/perception_interface/__init__.py'...\n"}
[3.387093] (perception_interface) StdoutLine: {'line': b"Listing '/home/jay/SCV_Perception/install/perception_interface/local/lib/python3.10/dist-packages/perception_interface/msg'...\n"}
[3.387137] (perception_interface) StdoutLine: {'line': b"Compiling '/home/jay/SCV_Perception/install/perception_interface/local/lib/python3.10/dist-packages/perception_interface/msg/__init__.py'...\n"}
[3.387183] (perception_interface) StdoutLine: {'line': b"Compiling '/home/jay/SCV_Perception/install/perception_interface/local/lib/python3.10/dist-packages/perception_interface/msg/_detection_array.py'...\n"}
[3.387224] (perception_interface) StdoutLine: {'line': b"Compiling '/home/jay/SCV_Perception/install/perception_interface/local/lib/python3.10/dist-packages/perception_interface/msg/_detection_result.py'...\n"}
[3.390182] (perception_interface) StdoutLine: {'line': b'-- Installing: /home/jay/SCV_Perception/install/perception_interface/lib/libperception_interface__rosidl_generator_py.so\n'}
[3.390417] (perception_interface) StdoutLine: {'line': b'-- Set runtime path of "/home/jay/SCV_Perception/install/perception_interface/lib/libperception_interface__rosidl_generator_py.so" to ""\n'}
[3.390530] (perception_interface) StdoutLine: {'line': b'-- Installing: /home/jay/SCV_Perception/install/perception_interface/share/perception_interface/cmake/export_perception_interface__rosidl_generator_cExport.cmake\n'}
[3.390627] (perception_interface) StdoutLine: {'line': b'-- Installing: /home/jay/SCV_Perception/install/perception_interface/share/perception_interface/cmake/export_perception_interface__rosidl_generator_cExport-noconfig.cmake\n'}
[3.390704] (perception_interface) StdoutLine: {'line': b'-- Installing: /home/jay/SCV_Perception/install/perception_interface/share/perception_interface/cmake/export_perception_interface__rosidl_typesupport_fastrtps_cExport.cmake\n'}
[3.390775] (perception_interface) StdoutLine: {'line': b'-- Installing: /home/jay/SCV_Perception/install/perception_interface/share/perception_interface/cmake/export_perception_interface__rosidl_typesupport_fastrtps_cExport-noconfig.cmake\n'}
[3.390858] (perception_interface) StdoutLine: {'line': b'-- Installing: /home/jay/SCV_Perception/install/perception_interface/share/perception_interface/cmake/export_perception_interface__rosidl_generator_cppExport.cmake\n'}
[3.391000] (perception_interface) StdoutLine: {'line': b'-- Installing: /home/jay/SCV_Perception/install/perception_interface/share/perception_interface/cmake/export_perception_interface__rosidl_typesupport_fastrtps_cppExport.cmake\n'}
[3.391080] (perception_interface) StdoutLine: {'line': b'-- Installing: /home/jay/SCV_Perception/install/perception_interface/share/perception_interface/cmake/export_perception_interface__rosidl_typesupport_fastrtps_cppExport-noconfig.cmake\n'}
[3.391175] (perception_interface) StdoutLine: {'line': b'-- Installing: /home/jay/SCV_Perception/install/perception_interface/share/perception_interface/cmake/perception_interface__rosidl_typesupport_introspection_cExport.cmake\n'}
[3.391241] (perception_interface) StdoutLine: {'line': b'-- Installing: /home/jay/SCV_Perception/install/perception_interface/share/perception_interface/cmake/perception_interface__rosidl_typesupport_introspection_cExport-noconfig.cmake\n'}
[3.391335] (perception_interface) StdoutLine: {'line': b'-- Installing: /home/jay/SCV_Perception/install/perception_interface/share/perception_interface/cmake/perception_interface__rosidl_typesupport_cExport.cmake\n'}
[3.391423] (perception_interface) StdoutLine: {'line': b'-- Installing: /home/jay/SCV_Perception/install/perception_interface/share/perception_interface/cmake/perception_interface__rosidl_typesupport_cExport-noconfig.cmake\n'}
[3.391519] (perception_interface) StdoutLine: {'line': b'-- Installing: /home/jay/SCV_Perception/install/perception_interface/share/perception_interface/cmake/perception_interface__rosidl_typesupport_introspection_cppExport.cmake\n'}
[3.391612] (perception_interface) StdoutLine: {'line': b'-- Installing: /home/jay/SCV_Perception/install/perception_interface/share/perception_interface/cmake/perception_interface__rosidl_typesupport_introspection_cppExport-noconfig.cmake\n'}
[3.391708] (perception_interface) StdoutLine: {'line': b'-- Installing: /home/jay/SCV_Perception/install/perception_interface/share/perception_interface/cmake/perception_interface__rosidl_typesupport_cppExport.cmake\n'}
[3.391800] (perception_interface) StdoutLine: {'line': b'-- Installing: /home/jay/SCV_Perception/install/perception_interface/share/perception_interface/cmake/perception_interface__rosidl_typesupport_cppExport-noconfig.cmake\n'}
[3.391896] (perception_interface) StdoutLine: {'line': b'-- Installing: /home/jay/SCV_Perception/install/perception_interface/share/perception_interface/cmake/export_perception_interface__rosidl_generator_pyExport.cmake\n'}
[3.391995] (perception_interface) StdoutLine: {'line': b'-- Installing: /home/jay/SCV_Perception/install/perception_interface/share/perception_interface/cmake/export_perception_interface__rosidl_generator_pyExport-noconfig.cmake\n'}
[3.393441] (perception_interface) CommandEnded: {'returncode': 0}
[3.403816] (perception_interface) JobEnded: {'identifier': 'perception_interface', 'rc': 0}
[3.404471] (-) TimerEvent: {}
[3.404530] (object_depth_tracker) JobStarted: {'identifier': 'object_depth_tracker'}
[3.407522] (ultralytics_ros2) JobStarted: {'identifier': 'ultralytics_ros2'}
[3.504557] (-) TimerEvent: {}
[3.604739] (-) TimerEvent: {}
[3.704956] (-) TimerEvent: {}
[3.805177] (-) TimerEvent: {}
[3.905393] (-) TimerEvent: {}
[4.005610] (-) TimerEvent: {}
[4.105827] (-) TimerEvent: {}
[4.178915] (object_depth_tracker) Command: {'cmd': ['/usr/bin/python3', '-W', 'ignore:setup.py install is deprecated', '-W', 'ignore:easy_install command is deprecated', 'setup.py', 'develop', '--editable', '--build-directory', '/home/jay/SCV_Perception/build/object_depth_tracker/build', '--no-deps', 'symlink_data'], 'cwd': '/home/jay/SCV_Perception/build/object_depth_tracker', 'env': {'GJS_DEBUG_TOPICS': 'JS ERROR;JS LOG', 'LESSOPEN': '| /usr/bin/lesspipe %s', 'LANGUAGE': 'ko:en', 'USER': 'jay', 'LC_TIME': 'ko_KR.UTF-8', 'XDG_SESSION_TYPE': 'x11', 'SHLVL': '1', 'LD_LIBRARY_PATH': '/home/jay/SCV_Perception/install/perception_interface/lib:/usr/local/TensorRT-10.10.0.31/lib:/opt/ros/humble/opt/rviz_ogre_vendor/lib:/opt/ros/humble/lib/x86_64-linux-gnu:/opt/ros/humble/lib', 'HOME': '/home/jay', 'CONDA_SHLVL': '0', 'OLDPWD': '/home/jay', 'DESKTOP_SESSION': 'ubuntu', 'GIO_LAUNCHED_DESKTOP_FILE': '/usr/share/applications/terminator.desktop', 'ROS_PYTHON_VERSION': '3', 'GNOME_SHELL_SESSION_MODE': 'ubuntu', 'GTK_MODULES': 'gail:atk-bridge', 'LC_MONETARY': 'ko_KR.UTF-8', 'MANAGERPID': '2714', 'SYSTEMD_EXEC_PID': '2969', 'DBUS_SESSION_BUS_ADDRESS': 'unix:path=/run/user/1000/bus', 'COLORTERM': 'truecolor', 'TERMINATOR_DBUS_NAME': 'net.tenshu.Terminator23558193cd9818af7fe4d2c2f5bd9d00f', 'GIO_LAUNCHED_DESKTOP_FILE_PID': '164561', 'TORCH_CUDA_ARCH_LIST': '7.5', 'COLCON_PREFIX_PATH': '/home/jay/SCV_Perception/install', 'ROS_DISTRO': 'humble', 'GTK_IM_MODULE': 'ibus', 'LOGNAME': 'jay', 'JOURNAL_STREAM': '8:6140', '_': '/usr/bin/colcon', 'ROS_VERSION': '2', 'XDG_SESSION_CLASS': 'user', 'USERNAME': 'jay', 'TERM': 'xterm-256color', 'GNOME_DESKTOP_SESSION_ID': 'this-is-deprecated', 'ROS_LOCALHOST_ONLY': '1', 'WINDOWPATH': '2', 'PATH': '/home/jay/.npm-global/bin:/home/jay/.local/bin:/home/jay/anaconda3/condabin:/opt/ros/humble/bin:/home/jay/.local/bin:/usr/local/sbin:/usr/local/bin:/usr/sbin:/usr/bin:/sbin:/bin:/usr/games:/usr/local/games:/snap/bin:/snap/bin', 'SESSION_MANAGER': 'local/D02-521-39:@/tmp/.ICE-unix/2941,unix/D02-521-39:/tmp/.ICE-unix/2941', 'INVOCATION_ID': 'f1c23af3e0ed4c03911ec09fc30a15a3', 'PAPERSIZE': 'a4', 'XDG_MENU_PREFIX': 'gnome-', 'LC_ADDRESS': 'ko_KR.UTF-8', 'XDG_RUNTIME_DIR': '/run/user/1000', 'DISPLAY': ':1', 'TERMINATOR_DBUS_PATH': '/net/tenshu/Terminator2', 'LANG': 'ko_KR.UTF-8', 'XDG_CURRENT_DESKTOP': 'ubuntu:GNOME', 'IBUS_DISABLE_SNOOPER': '1', 'LC_TELEPHONE': 'ko_KR.UTF-8', 'XMODIFIERS': '@im=ibus', 'XDG_SESSION_DESKTOP': 'ubuntu', 'XAUTHORITY': '/run/user/1000/gdm/Xauthority', 'LS_COLORS': 'rs=0:di=01;34:ln=01;36:mh=00:pi=40;33:so=01;35:do=01;35:bd=40;33;01:cd=40;33;01:or=40;31;01:mi=00:su=37;41:sg=30;43:ca=30;41:tw=30;42:ow=34;42:st=37;44:ex=01;32:*.tar=01;31:*.tgz=01;31:*.arc=01;31:*.arj=01;31:*.taz=01;31:*.lha=01;31:*.lz4=01;31:*.lzh=01;31:*.lzma=01;31:*.tlz=01;31:*.txz=01;31:*.tzo=01;31:*.t7z=01;31:*.zip=01;31:*.z=01;31:*.dz=01;31:*.gz=01;31:*.lrz=01;31:*.lz=01;31:*.lzo=01;31:*.xz=01;31:*.zst=01;31:*.tzst=01;31:*.bz2=01;31:*.bz=01;31:*.tbz=01;31:*.tbz2=01;31:*.tz=01;31:*.deb=01;31:*.rpm=01;31:*.jar=01;31:*.war=01;31:*.ear=01;31:*.sar=01;31:*.rar=01;31:*.alz=01;31:*.ace=01;31:*.zoo=01;31:*.cpio=01;31:*.7z=01;31:*.rz=01;31:*.cab=01;31:*.wim=01;31:*.swm=01;31:*.dwm=01;31:*.esd=01;31:*.jpg=01;35:*.jpeg=01;35:*.mjpg=01;35:*.mjpeg=01;35:*.gif=01;35:*.bmp=01;35:*.pbm=01;35:*.pgm=01;35:*.ppm=01;35:*.tga=01;35:*.xbm=01;35:*.xpm=01;35:*.tif=01;35:*.tiff=01;35:*.png=01;35:*.svg=01;35:*.svgz=01;35:*.mng=01;35:*.pcx=01;35:*.mov=01;35:*.mpg=01;35:*.mpeg=01;35:*.m2v=01;35:*.mkv=01;35:*.webm=01;35:*.webp=01;35:*.ogm=01;35:*.mp4=01;35:*.m4v=01;35:*.mp4v=01;35:*.vob=01;35:*.qt=01;35:*.nuv=01;35:*.wmv=01;35:*.asf=01;35:*.rm=01;35:*.rmvb=01;35:*.flc=01;35:*.avi=01;35:*.fli=01;35:*.flv=01;35:*.gl=01;35:*.dl=01;35:*.xcf=01;35:*.xwd=01;35:*.yuv=01;35:*.cgm=01;35:*.emf=01;35:*.ogv=01;35:*.ogx=01;35:*.aac=00;36:*.au=00;36:*.flac=00;36:*.m4a=00;36:*.mid=00;36:*.midi=00;36:*.mka=00;36:*.mp3=00;36:*.mpc=00;36:*.ogg=00;36:*.ra=00;36:*.wav=00;36:*.oga=00;36:*.opus=00;36:*.spx=00;36:*.xspf=00;36:', 'SSH_AGENT_LAUNCHER': 'gnome-keyring', 'SSH_AUTH_SOCK': '/run/user/1000/keyring/ssh', 'ROS_DOMAIN_ID': '39', 'AMENT_PREFIX_PATH': '/home/jay/SCV_Perception/install/ultralytics_ros2:/home/jay/SCV_Perception/install/object_depth_tracker:/home/jay/SCV_Perception/install/perception_interface:/home/jay/SCV_Perception/install/memsort_ros2:/opt/ros/humble', 'CONDA_PYTHON_EXE': '/home/jay/anaconda3/bin/python', 'SHELL': '/bin/bash', 'LC_NAME': 'ko_KR.UTF-8', 'TERMINATOR_UUID': 'urn:uuid:b7c6f5e0-a10e-4029-910a-5edd79897f0d', 'QT_ACCESSIBILITY': '1', 'GDMSESSION': 'ubuntu', 'TensorRT_ROOT': '/usr/local/TensorRT-10.10.0.31', 'LESSCLOSE': '/usr/bin/lesspipe %s %s', 'LC_MEASUREMENT': 'ko_KR.UTF-8', 'GPG_AGENT_INFO': '/run/user/1000/gnupg/S.gpg-agent:0:1', 'GJS_DEBUG_OUTPUT': 'stderr', 'LC_IDENTIFICATION': 'ko_KR.UTF-8', 'QT_IM_MODULE': 'ibus', 'PWD': '/home/jay/SCV_Perception/build/object_depth_tracker', 'XDG_CONFIG_DIRS': '/etc/xdg/xdg-ubuntu:/etc/xdg', 'CONDA_EXE': '/home/jay/anaconda3/bin/conda', 'XDG_DATA_DIRS': '/usr/share/ubuntu:/usr/share/gnome:/usr/local/share/:/usr/share/:/var/lib/snapd/desktop', 'PYTHONPATH': '/home/jay/SCV_Perception/build/object_depth_tracker/prefix_override:/usr/lib/python3/dist-packages/colcon_core/task/python/colcon_distutils_commands:/home/jay/SCV_Perception/install/object_depth_tracker/lib/python3.10/site-packages:/home/jay/SCV_Perception/install/perception_interface/local/lib/python3.10/dist-packages:/home/jay/SCV_Perception/build/ultralytics_ros2:/home/jay/SCV_Perception/install/ultralytics_ros2/lib/python3.10/site-packages:/home/jay/SCV_Perception/build/object_depth_tracker:/home/jay/SCV_Perception/install/object_depth_tracker/lib/python3.10/site-packages:/home/jay/SCV_Perception/install/perception_interface/lib/python3.13/site-packages:/home/jay/SCV_Perception/install/memsort_ros2/lib/python3.13/site-packages:/opt/ros/humble/lib/python3.10/site-packages:/opt/ros/humble/local/lib/python3.10/dist-packages::/home/jay/AB3DMOT:/home/jay/Xinshuo_PyToolbox:/home/jay/AB3DMOT:/home/jay/Xinshuo_PyToolbox', 'LC_NUMERIC': 'ko_KR.UTF-8', 'LC_PAPER': 'ko_KR.UTF-8', 'COLCON': '1', 'VTE_VERSION': '6800', 'CMAKE_PREFIX_PATH': '/home/jay/SCV_Perception/install/perception_interface:/home/jay/SCV_Perception/install/memsort_ros2'}, 'shell': False}
[4.196312] (ultralytics_ros2) Command: {'cmd': ['/usr/bin/python3', '-W', 'ignore:setup.py install is deprecated', '-W', 'ignore:easy_install command is deprecated', 'setup.py', 'develop', '--editable', '--build-directory', '/home/jay/SCV_Perception/build/ultralytics_ros2/build', '--no-deps', 'symlink_data'], 'cwd': '/home/jay/SCV_Perception/build/ultralytics_ros2', 'env': {'GJS_DEBUG_TOPICS': 'JS ERROR;JS LOG', 'LESSOPEN': '| /usr/bin/lesspipe %s', 'LANGUAGE': 'ko:en', 'USER': 'jay', 'LC_TIME': 'ko_KR.UTF-8', 'XDG_SESSION_TYPE': 'x11', 'SHLVL': '1', 'LD_LIBRARY_PATH': '/home/jay/SCV_Perception/install/perception_interface/lib:/usr/local/TensorRT-10.10.0.31/lib:/opt/ros/humble/opt/rviz_ogre_vendor/lib:/opt/ros/humble/lib/x86_64-linux-gnu:/opt/ros/humble/lib', 'HOME': '/home/jay', 'CONDA_SHLVL': '0', 'OLDPWD': '/home/jay', 'DESKTOP_SESSION': 'ubuntu', 'GIO_LAUNCHED_DESKTOP_FILE': '/usr/share/applications/terminator.desktop', 'ROS_PYTHON_VERSION': '3', 'GNOME_SHELL_SESSION_MODE': 'ubuntu', 'GTK_MODULES': 'gail:atk-bridge', 'LC_MONETARY': 'ko_KR.UTF-8', 'MANAGERPID': '2714', 'SYSTEMD_EXEC_PID': '2969', 'DBUS_SESSION_BUS_ADDRESS': 'unix:path=/run/user/1000/bus', 'COLORTERM': 'truecolor', 'TERMINATOR_DBUS_NAME': 'net.tenshu.Terminator23558193cd9818af7fe4d2c2f5bd9d00f', 'GIO_LAUNCHED_DESKTOP_FILE_PID': '164561', 'TORCH_CUDA_ARCH_LIST': '7.5', 'COLCON_PREFIX_PATH': '/home/jay/SCV_Perception/install', 'ROS_DISTRO': 'humble', 'GTK_IM_MODULE': 'ibus', 'LOGNAME': 'jay', 'JOURNAL_STREAM': '8:6140', '_': '/usr/bin/colcon', 'ROS_VERSION': '2', 'XDG_SESSION_CLASS': 'user', 'USERNAME': 'jay', 'TERM': 'xterm-256color', 'GNOME_DESKTOP_SESSION_ID': 'this-is-deprecated', 'ROS_LOCALHOST_ONLY': '1', 'WINDOWPATH': '2', 'PATH': '/home/jay/.npm-global/bin:/home/jay/.local/bin:/home/jay/anaconda3/condabin:/opt/ros/humble/bin:/home/jay/.local/bin:/usr/local/sbin:/usr/local/bin:/usr/sbin:/usr/bin:/sbin:/bin:/usr/games:/usr/local/games:/snap/bin:/snap/bin', 'SESSION_MANAGER': 'local/D02-521-39:@/tmp/.ICE-unix/2941,unix/D02-521-39:/tmp/.ICE-unix/2941', 'INVOCATION_ID': 'f1c23af3e0ed4c03911ec09fc30a15a3', 'PAPERSIZE': 'a4', 'XDG_MENU_PREFIX': 'gnome-', 'LC_ADDRESS': 'ko_KR.UTF-8', 'XDG_RUNTIME_DIR': '/run/user/1000', 'DISPLAY': ':1', 'TERMINATOR_DBUS_PATH': '/net/tenshu/Terminator2', 'LANG': 'ko_KR.UTF-8', 'XDG_CURRENT_DESKTOP': 'ubuntu:GNOME', 'IBUS_DISABLE_SNOOPER': '1', 'LC_TELEPHONE': 'ko_KR.UTF-8', 'XMODIFIERS': '@im=ibus', 'XDG_SESSION_DESKTOP': 'ubuntu', 'XAUTHORITY': '/run/user/1000/gdm/Xauthority', 'LS_COLORS': 'rs=0:di=01;34:ln=01;36:mh=00:pi=40;33:so=01;35:do=01;35:bd=40;33;01:cd=40;33;01:or=40;31;01:mi=00:su=37;41:sg=30;43:ca=30;41:tw=30;42:ow=34;42:st=37;44:ex=01;32:*.tar=01;31:*.tgz=01;31:*.arc=01;31:*.arj=01;31:*.taz=01;31:*.lha=01;31:*.lz4=01;31:*.lzh=01;31:*.lzma=01;31:*.tlz=01;31:*.txz=01;31:*.tzo=01;31:*.t7z=01;31:*.zip=01;31:*.z=01;31:*.dz=01;31:*.gz=01;31:*.lrz=01;31:*.lz=01;31:*.lzo=01;31:*.xz=01;31:*.zst=01;31:*.tzst=01;31:*.bz2=01;31:*.bz=01;31:*.tbz=01;31:*.tbz2=01;31:*.tz=01;31:*.deb=01;31:*.rpm=01;31:*.jar=01;31:*.war=01;31:*.ear=01;31:*.sar=01;31:*.rar=01;31:*.alz=01;31:*.ace=01;31:*.zoo=01;31:*.cpio=01;31:*.7z=01;31:*.rz=01;31:*.cab=01;31:*.wim=01;31:*.swm=01;31:*.dwm=01;31:*.esd=01;31:*.jpg=01;35:*.jpeg=01;35:*.mjpg=01;35:*.mjpeg=01;35:*.gif=01;35:*.bmp=01;35:*.pbm=01;35:*.pgm=01;35:*.ppm=01;35:*.tga=01;35:*.xbm=01;35:*.xpm=01;35:*.tif=01;35:*.tiff=01;35:*.png=01;35:*.svg=01;35:*.svgz=01;35:*.mng=01;35:*.pcx=01;35:*.mov=01;35:*.mpg=01;35:*.mpeg=01;35:*.m2v=01;35:*.mkv=01;35:*.webm=01;35:*.webp=01;35:*.ogm=01;35:*.mp4=01;35:*.m4v=01;35:*.mp4v=01;35:*.vob=01;35:*.qt=01;35:*.nuv=01;35:*.wmv=01;35:*.asf=01;35:*.rm=01;35:*.rmvb=01;35:*.flc=01;35:*.avi=01;35:*.fli=01;35:*.flv=01;35:*.gl=01;35:*.dl=01;35:*.xcf=01;35:*.xwd=01;35:*.yuv=01;35:*.cgm=01;35:*.emf=01;35:*.ogv=01;35:*.ogx=01;35:*.aac=00;36:*.au=00;36:*.flac=00;36:*.m4a=00;36:*.mid=00;36:*.midi=00;36:*.mka=00;36:*.mp3=00;36:*.mpc=00;36:*.ogg=00;36:*.ra=00;36:*.wav=00;36:*.oga=00;36:*.opus=00;36:*.spx=00;36:*.xspf=00;36:', 'SSH_AGENT_LAUNCHER': 'gnome-keyring', 'SSH_AUTH_SOCK': '/run/user/1000/keyring/ssh', 'ROS_DOMAIN_ID': '39', 'AMENT_PREFIX_PATH': '/home/jay/SCV_Perception/install/ultralytics_ros2:/home/jay/SCV_Perception/install/object_depth_tracker:/home/jay/SCV_Perception/install/perception_interface:/home/jay/SCV_Perception/install/memsort_ros2:/opt/ros/humble', 'CONDA_PYTHON_EXE': '/home/jay/anaconda3/bin/python', 'SHELL': '/bin/bash', 'LC_NAME': 'ko_KR.UTF-8', 'TERMINATOR_UUID': 'urn:uuid:b7c6f5e0-a10e-4029-910a-5edd79897f0d', 'QT_ACCESSIBILITY': '1', 'GDMSESSION': 'ubuntu', 'TensorRT_ROOT': '/usr/local/TensorRT-10.10.0.31', 'LESSCLOSE': '/usr/bin/lesspipe %s %s', 'LC_MEASUREMENT': 'ko_KR.UTF-8', 'GPG_AGENT_INFO': '/run/user/1000/gnupg/S.gpg-agent:0:1', 'GJS_DEBUG_OUTPUT': 'stderr', 'LC_IDENTIFICATION': 'ko_KR.UTF-8', 'QT_IM_MODULE': 'ibus', 'PWD': '/home/jay/SCV_Perception/build/ultralytics_ros2', 'XDG_CONFIG_DIRS': '/etc/xdg/xdg-ubuntu:/etc/xdg', 'CONDA_EXE': '/home/jay/anaconda3/bin/conda', 'XDG_DATA_DIRS': '/usr/share/ubuntu:/usr/share/gnome:/usr/local/share/:/usr/share/:/var/lib/snapd/desktop', 'PYTHONPATH': '/home/jay/SCV_Perception/build/ultralytics_ros2/prefix_override:/usr/lib/python3/dist-packages/colcon_core/task/python/colcon_distutils_commands:/home/jay/SCV_Perception/install/ultralytics_ros2/lib/python3.10/site-packages:/home/jay/SCV_Perception/install/perception_interface/local/lib/python3.10/dist-packages:/home/jay/SCV_Perception/build/ultralytics_ros2:/home/jay/SCV_Perception/install/ultralytics_ros2/lib/python3.10/site-packages:/home/jay/SCV_Perception/build/object_depth_tracker:/home/jay/SCV_Perception/install/object_depth_tracker/lib/python3.10/site-packages:/home/jay/SCV_Perception/install/perception_interface/lib/python3.13/site-packages:/home/jay/SCV_Perception/install/memsort_ros2/lib/python3.13/site-packages:/opt/ros/humble/lib/python3.10/site-packages:/opt/ros/humble/local/lib/python3.10/dist-packages::/home/jay/AB3DMOT:/home/jay/Xinshuo_PyToolbox:/home/jay/AB3DMOT:/home/jay/Xinshuo_PyToolbox', 'LC_NUMERIC': 'ko_KR.UTF-8', 'LC_PAPER': 'ko_KR.UTF-8', 'COLCON': '1', 'VTE_VERSION': '6800', 'CMAKE_PREFIX_PATH': '/home/jay/SCV_Perception/install/perception_interface:/home/jay/SCV_Perception/install/memsort_ros2'}, 'shell': False}
[4.205924] (-) TimerEvent: {}
[4.300336] (object_depth_tracker) StderrLine: {'line': b"/home/jay/.local/lib/python3.10/site-packages/setuptools/_distutils/dist.py:289: UserWarning: Unknown distribution option: 'tests_require'\n"}
[4.300461] (object_depth_tracker) StderrLine: {'line': b'  warnings.warn(msg)\n'}
[4.306017] (-) TimerEvent: {}
[4.320530] (ultralytics_ros2) StderrLine: {'line': b"/home/jay/.local/lib/python3.10/site-packages/setuptools/_distutils/dist.py:289: UserWarning: Unknown distribution option: 'tests_require'\n"}
[4.320610] (ultralytics_ros2) StderrLine: {'line': b'  warnings.warn(msg)\n'}
[4.406128] (-) TimerEvent: {}
[4.458494] (object_depth_tracker) StdoutLine: {'line': b'running develop\n'}
[4.485500] (ultralytics_ros2) StdoutLine: {'line': b'running develop\n'}
[4.506225] (-) TimerEvent: {}
[4.606387] (-) TimerEvent: {}
[4.695775] (object_depth_tracker) StdoutLine: {'line': b'running egg_info\n'}
[4.705767] (ultralytics_ros2) StdoutLine: {'line': b'running egg_info\n'}
[4.706446] (-) TimerEvent: {}
[4.712067] (object_depth_tracker) StdoutLine: {'line': b'creating object_depth_tracker.egg-info\n'}
[4.712185] (object_depth_tracker) StdoutLine: {'line': b'writing object_depth_tracker.egg-info/PKG-INFO\n'}
[4.712447] (object_depth_tracker) StdoutLine: {'line': b'writing dependency_links to object_depth_tracker.egg-info/dependency_links.txt\n'}
[4.712584] (object_depth_tracker) StdoutLine: {'line': b'writing entry points to object_depth_tracker.egg-info/entry_points.txt\n'}
[4.712673] (object_depth_tracker) StdoutLine: {'line': b'writing requirements to object_depth_tracker.egg-info/requires.txt\n'}
[4.712743] (object_depth_tracker) StdoutLine: {'line': b'writing top-level names to object_depth_tracker.egg-info/top_level.txt\n'}
[4.712871] (object_depth_tracker) StdoutLine: {'line': b"writing manifest file 'object_depth_tracker.egg-info/SOURCES.txt'\n"}
[4.722578] (ultralytics_ros2) StdoutLine: {'line': b'creating ultralytics_ros2.egg-info\n'}
[4.722692] (ultralytics_ros2) StdoutLine: {'line': b'writing ultralytics_ros2.egg-info/PKG-INFO\n'}
[4.722975] (ultralytics_ros2) StdoutLine: {'line': b'writing dependency_links to ultralytics_ros2.egg-info/dependency_links.txt\n'}
[4.723098] (ultralytics_ros2) StdoutLine: {'line': b'writing entry points to ultralytics_ros2.egg-info/entry_points.txt\n'}
[4.723225] (ultralytics_ros2) StdoutLine: {'line': b'writing requirements to ultralytics_ros2.egg-info/requires.txt\n'}
[4.723306] (ultralytics_ros2) StdoutLine: {'line': b'writing top-level names to ultralytics_ros2.egg-info/top_level.txt\n'}
[4.723395] (ultralytics_ros2) StdoutLine: {'line': b"writing manifest file 'ultralytics_ros2.egg-info/SOURCES.txt'\n"}
[4.752576] (object_depth_tracker) StdoutLine: {'line': b"reading manifest file 'object_depth_tracker.egg-info/SOURCES.txt'\n"}
[4.753338] (object_depth_tracker) StdoutLine: {'line': b"writing manifest file 'object_depth_tracker.egg-info/SOURCES.txt'\n"}
[4.764562] (ultralytics_ros2) StdoutLine: {'line': b"reading manifest file 'ultralytics_ros2.egg-info/SOURCES.txt'\n"}
[4.765309] (ultralytics_ros2) StdoutLine: {'line': b"writing manifest file 'ultralytics_ros2.egg-info/SOURCES.txt'\n"}
[4.771023] (object_depth_tracker) StdoutLine: {'line': b'running build_ext\n'}
[4.771179] (object_depth_tracker) StdoutLine: {'line': b'Creating /home/jay/SCV_Perception/install/object_depth_tracker/lib/python3.10/site-packages/object-depth-tracker.egg-link (link to .)\n'}
[4.771650] (object_depth_tracker) StdoutLine: {'line': b'Installing object_depth_tracker_node script to /home/jay/SCV_Perception/install/object_depth_tracker/lib/object_depth_tracker\n'}
[4.771806] (object_depth_tracker) StdoutLine: {'line': b'\n'}
[4.771854] (object_depth_tracker) StdoutLine: {'line': b'Installed /home/jay/SCV_Perception/build/object_depth_tracker\n'}
[4.771922] (object_depth_tracker) StdoutLine: {'line': b'running symlink_data\n'}
[4.772051] (object_depth_tracker) StdoutLine: {'line': b'creating /home/jay/SCV_Perception/install/object_depth_tracker/share/ament_index/resource_index/packages\n'}
[4.772161] (object_depth_tracker) StdoutLine: {'line': b'symbolically linking /home/jay/SCV_Perception/build/object_depth_tracker/resource/object_depth_tracker -> /home/jay/SCV_Perception/install/object_depth_tracker/share/ament_index/resource_index/packages\n'}
[4.772282] (object_depth_tracker) StdoutLine: {'line': b'symbolically linking /home/jay/SCV_Perception/build/object_depth_tracker/package.xml -> /home/jay/SCV_Perception/install/object_depth_tracker/share/object_depth_tracker\n'}
[4.772362] (object_depth_tracker) StdoutLine: {'line': b'creating /home/jay/SCV_Perception/install/object_depth_tracker/share/object_depth_tracker/launch\n'}
[4.772442] (object_depth_tracker) StdoutLine: {'line': b'symbolically linking /home/jay/SCV_Perception/build/object_depth_tracker/launch/object_tracker.launch.py -> /home/jay/SCV_Perception/install/object_depth_tracker/share/object_depth_tracker/launch\n'}
[4.783653] (ultralytics_ros2) StdoutLine: {'line': b'running build_ext\n'}
[4.783789] (ultralytics_ros2) StdoutLine: {'line': b'Creating /home/jay/SCV_Perception/install/ultralytics_ros2/lib/python3.10/site-packages/ultralytics-ros2.egg-link (link to .)\n'}
[4.784272] (ultralytics_ros2) StdoutLine: {'line': b'Installing seg_run script to /home/jay/SCV_Perception/install/ultralytics_ros2/lib/ultralytics_ros2\n'}
[4.784499] (ultralytics_ros2) StdoutLine: {'line': b'\n'}
[4.784565] (ultralytics_ros2) StdoutLine: {'line': b'Installed /home/jay/SCV_Perception/build/ultralytics_ros2\n'}
[4.784636] (ultralytics_ros2) StdoutLine: {'line': b'running symlink_data\n'}
[4.784703] (ultralytics_ros2) StdoutLine: {'line': b'creating /home/jay/SCV_Perception/install/ultralytics_ros2/share/ament_index/resource_index/packages\n'}
[4.784846] (ultralytics_ros2) StdoutLine: {'line': b'symbolically linking /home/jay/SCV_Perception/build/ultralytics_ros2/resource/ultralytics_ros2 -> /home/jay/SCV_Perception/install/ultralytics_ros2/share/ament_index/resource_index/packages\n'}
[4.784979] (ultralytics_ros2) StdoutLine: {'line': b'symbolically linking /home/jay/SCV_Perception/build/ultralytics_ros2/package.xml -> /home/jay/SCV_Perception/install/ultralytics_ros2/share/ultralytics_ros2\n'}
[4.785056] (ultralytics_ros2) StdoutLine: {'line': b'creating /home/jay/SCV_Perception/install/ultralytics_ros2/share/ultralytics_ros2/launch\n'}
[4.785140] (ultralytics_ros2) StdoutLine: {'line': b'symbolically linking /home/jay/SCV_Perception/build/ultralytics_ros2/launch/seg.launch.py -> /home/jay/SCV_Perception/install/ultralytics_ros2/share/ultralytics_ros2/launch\n'}
[4.785228] (ultralytics_ros2) StdoutLine: {'line': b'creating /home/jay/SCV_Perception/install/ultralytics_ros2/share/ultralytics_ros2/model\n'}
[4.785310] (ultralytics_ros2) StdoutLine: {'line': b'creating /home/jay/SCV_Perception/install/ultralytics_ros2/share/ultralytics_ros2/params\n'}
[4.794984] (object_depth_tracker) CommandEnded: {'returncode': 0}
[4.800452] (object_depth_tracker) JobEnded: {'identifier': 'object_depth_tracker', 'rc': 0}
[4.806542] (-) TimerEvent: {}
[4.810437] (ultralytics_ros2) CommandEnded: {'returncode': 0}
[4.815398] (ultralytics_ros2) JobEnded: {'identifier': 'ultralytics_ros2', 'rc': 0}
[4.815800] (-) EventReactorShutdown: {}
